#
# There is insufficient memory for the Java Runtime Environment to continue.
# Native memory allocation (malloc) failed to allocate 4932120 bytes. Error detail: Chunk::new
# Possible reasons:
#   The system is out of physical RAM or swap space
#   This process is running with CompressedOops enabled, and the Java Heap may be blocking the growth of the native heap
# Possible solutions:
#   Reduce memory load on the system
#   Increase physical memory or swap space
#   Check if swap backing store is full
#   Decrease Java heap size (-Xmx/-Xms)
#   Decrease number of Java threads
#   Decrease Java thread stack sizes (-Xss)
#   Set larger code cache with -XX:ReservedCodeCacheSize=
#   JVM is running with Unscaled Compressed Oops mode in which the Java heap is
#     placed in the first 4GB address space. The Java Heap base address is the
#     maximum limit for the native heap growth. Please use -XX:HeapBaseMinAddress
#     to set the Java Heap base and to place the Java Heap above 4GB virtual address.
# This output file may be truncated or incomplete.
#
#  Out of Memory Error (arena.cpp:186), pid=7992, tid=2952
#
# JRE version: OpenJDK Runtime Environment (25.0.3) (build 25.0.3+-15898627-b508.16)
# Java VM: OpenJDK 64-Bit Server VM (25.0.3+-15898627-b508.16, mixed mode, tiered, compressed oops, compressed class ptrs, g1 gc, windows-amd64)
# No core dump will be written. Minidumps are not enabled by default on client versions of Windows
#

---------------  S U M M A R Y ------------

Command Line: --add-opens=java.base/java.lang=ALL-UNNAMED --add-opens=java.base/java.lang.invoke=ALL-UNNAMED --add-opens=java.base/java.util=ALL-UNNAMED --add-opens=java.prefs/java.util.prefs=ALL-UNNAMED --add-exports=jdk.compiler/com.sun.tools.javac.api=ALL-UNNAMED --add-exports=jdk.compiler/com.sun.tools.javac.util=ALL-UNNAMED --add-opens=java.base/java.nio.charset=ALL-UNNAMED --add-opens=java.base/java.net=ALL-UNNAMED --add-opens=java.base/java.util.concurrent=ALL-UNNAMED --add-opens=java.base/java.util.concurrent.atomic=ALL-UNNAMED --add-opens=java.xml/javax.xml.namespace=ALL-UNNAMED --add-opens=java.base/java.time=ALL-UNNAMED --enable-native-access=ALL-UNNAMED -Xmx2048m -Dfile.encoding=UTF-8 -Duser.country=BO -Duser.language=es -Duser.variant -javaagent:C:\Users\ABDUL\.gradle\wrapper\dists\gradle-9.6.0-bin\42k10rwplmzkhuboz9kdazi7s\gradle-9.6.0\lib\agents\gradle-instrumentation-agent-9.6.0.jar org.gradle.launcher.daemon.bootstrap.GradleDaemon 9.6.0

Host: 11th Gen Intel(R) Core(TM) i7-11800H @ 2.30GHz, 16 cores, 15G,  Windows 11 , 64 bit Build 26100 (10.0.26100.9168)
Time: Mon Oct  5 21:24:32 2026 Hora estándar de Venezuela elapsed time: 32.390568 seconds (0d 0h 0m 32s)

---------------  T H R E A D  ---------------

Current thread (0x000001deefad33d0):  JavaThread "C2 CompilerThread0" daemon [_thread_in_native, id=2952, stack(0x000000188b600000,0x000000188b700000) (1024K)]


Current CompileTask:
C2:32390 13658       4       java.net.URLStreamHandler::parseURL (1130 bytes)

Stack: [0x000000188b600000,0x000000188b700000]
Native frames: (J=compiled Java code, j=interpreted, Vv=VM code, C=native code)
V  [jvm.dll+0x7bf039]  (no source info available)
V  [jvm.dll+0x78912d]  (no source info available)
V  [jvm.dll+0xa0e615]  (no source info available)
V  [jvm.dll+0xa10c94]  (no source info available)
V  [jvm.dll+0xa11393]  (no source info available)
V  [jvm.dll+0x30a116]  (no source info available)
V  [jvm.dll+0x10eda9]  (no source info available)
V  [jvm.dll+0x10f0d2]  (no source info available)
V  [jvm.dll+0x1a9b77]  (no source info available)
V  [jvm.dll+0x3bf612]  (no source info available)
V  [jvm.dll+0x7c48b7]  (no source info available)
V  [jvm.dll+0x2ce466]  (no source info available)
V  [jvm.dll+0x2cd641]  (no source info available)
V  [jvm.dll+0x24334a]  (no source info available)
V  [jvm.dll+0x2dd025]  (no source info available)
V  [jvm.dll+0x2db226]  (no source info available)
V  [jvm.dll+0x49c12e]  (no source info available)
V  [jvm.dll+0x9ad738]  (no source info available)
V  [jvm.dll+0x7bd585]  (no source info available)
C  [ucrtbase.dll+0x2cd30]  (no source info available)
C  [KERNEL32.DLL+0x2ccb7]  (no source info available)
C  [ntdll.dll+0xaad6c]  (no source info available)

Lock stack of current Java thread (top to bottom):


---------------  P R O C E S S  ---------------

Threads class SMR info:
_java_thread_list=0x000001defa719d10, length=71, elements={
0x000001ded79731c0, 0x000001deefc62b30, 0x000001def0203cd0, 0x000001def0204b30,
0x000001def0206830, 0x000001def0206ff0, 0x000001def0207bb0, 0x000001deefc764f0,
0x000001deefad33d0, 0x000001deefad4c00, 0x000001def05f1e70, 0x000001def605aea0,
0x000001def75ad1d0, 0x000001def7355bd0, 0x000001def75b6750, 0x000001def72de820,
0x000001def72e0f30, 0x000001def72e0760, 0x000001def72e1700, 0x000001def73da340,
0x000001def73d7460, 0x000001def73d7c30, 0x000001defa5fd660, 0x000001defa3cc680,
0x000001defa3cd620, 0x000001defa3caf10, 0x000001defa3cf560, 0x000001defa3cfd30,
0x000001defa3d0cd0, 0x000001defa3d1c70, 0x000001defa5fe600, 0x000001defa5fedd0,
0x000001defa6014e0, 0x000001def7457a90, 0x000001def7454bb0, 0x000001def7459200,
0x000001def745a1a0, 0x000001def72db170, 0x000001def72df7c0, 0x000001def72dff90,
0x000001def72de050, 0x000001def73d4d50, 0x000001def73d93a0, 0x000001def73d9b70,
0x000001def020d5e0, 0x000001def020b6a0, 0x000001def020ddb0, 0x000001def5a2bf50,
0x000001def68f8fc0, 0x000001def68fce40, 0x000001def68ffd20, 0x000001def69004f0,
0x000001def68fed80, 0x000001def74572c0, 0x000001de84c09720, 0x000001de84c0a6c0,
0x000001de84c0be30, 0x000001de84c0f4e0, 0x000001de84c0d5a0, 0x000001de84c10480,
0x000001de84c10c50, 0x000001de84c11420, 0x000001de84c0dd70, 0x000001de84c14300,
0x000001de84c152a0, 0x000001de84c15a70, 0x000001def9ab9240, 0x000001def9ab7200,
0x000001def9ab8220, 0x000001def9ab7a10, 0x000001de84433640
}

Java Threads: ( => current thread )
  0x000001ded79731c0 JavaThread "main"                              [_thread_blocked, id=20432, stack(0x000000188a700000,0x000000188a800000) (1024K)]
  0x000001deefc62b30 JavaThread "Common-Cleaner"             daemon [_thread_blocked, id=8724, stack(0x000000188af00000,0x000000188b000000) (1024K)]
  0x000001def0203cd0 JavaThread "Reference Handler"          daemon [_thread_blocked, id=19060, stack(0x000000188b000000,0x000000188b100000) (1024K)]
  0x000001def0204b30 JavaThread "Finalizer"                  daemon [_thread_blocked, id=6548, stack(0x000000188b100000,0x000000188b200000) (1024K)]
  0x000001def0206830 JavaThread "Signal Dispatcher"          daemon [_thread_blocked, id=14968, stack(0x000000188b200000,0x000000188b300000) (1024K)]
  0x000001def0206ff0 JavaThread "Attach Listener"            daemon [_thread_blocked, id=9192, stack(0x000000188b300000,0x000000188b400000) (1024K)]
  0x000001def0207bb0 JavaThread "Service Thread"             daemon [_thread_blocked, id=11284, stack(0x000000188b400000,0x000000188b500000) (1024K)]
  0x000001deefc764f0 JavaThread "Monitor Deflation Thread"   daemon [_thread_blocked, id=18660, stack(0x000000188b500000,0x000000188b600000) (1024K)]
=>0x000001deefad33d0 JavaThread "C2 CompilerThread0"         daemon [_thread_in_native, id=2952, stack(0x000000188b600000,0x000000188b700000) (1024K)]
  0x000001deefad4c00 JavaThread "C1 CompilerThread0"         daemon [_thread_blocked, id=4784, stack(0x000000188b700000,0x000000188b800000) (1024K)]
  0x000001def05f1e70 JavaThread "Notification Thread"        daemon [_thread_blocked, id=10368, stack(0x000000188b900000,0x000000188ba00000) (1024K)]
  0x000001def605aea0 JavaThread "Daemon health stats"               [_thread_blocked, id=19388, stack(0x000000188c400000,0x000000188c500000) (1024K)]
  0x000001def75ad1d0 JavaThread "Incoming local TCP Connector on port 54829"        [_thread_in_native, id=7400, stack(0x000000188c500000,0x000000188c600000) (1024K)]
  0x000001def7355bd0 JavaThread "Daemon periodic checks"            [_thread_blocked, id=19700, stack(0x000000188c600000,0x000000188c700000) (1024K)]
  0x000001def75b6750 JavaThread "Daemon"                            [_thread_blocked, id=17704, stack(0x000000188d000000,0x000000188d100000) (1024K)]
  0x000001def72de820 JavaThread "Daemon worker"                     [_thread_in_vm, id=11700, stack(0x000000188d300000,0x000000188d400000) (1024K)]
  0x000001def72e0f30 JavaThread "Cache worker for journal cache (C:\Users\ABDUL\.gradle\caches\journal-1)"        [_thread_blocked, id=15780, stack(0x000000188d700000,0x000000188d800000) (1024K)]
  0x000001def72e0760 JavaThread "File lock request listener"        [_thread_in_native, id=18916, stack(0x000000188d800000,0x000000188d900000) (1024K)]
  0x000001def72e1700 JavaThread "Cache worker for file hash cache (C:\Users\ABDUL\.gradle\caches\9.6.0\fileHashes)"        [_thread_blocked, id=3592, stack(0x000000188d900000,0x000000188da00000) (1024K)]
  0x000001def73da340 JavaThread "Cache worker for file content cache (C:\Users\ABDUL\.gradle\caches\9.6.0\fileContent)"        [_thread_blocked, id=1868, stack(0x000000188dc00000,0x000000188dd00000) (1024K)]
  0x000001def73d7460 JavaThread "File watcher server"        daemon [_thread_in_native, id=4020, stack(0x000000188dd00000,0x000000188de00000) (1024K)]
  0x000001def73d7c30 JavaThread "File watcher consumer"      daemon [_thread_blocked, id=1592, stack(0x000000188de00000,0x000000188df00000) (1024K)]
  0x000001defa5fd660 JavaThread "Memory manager"                    [_thread_blocked, id=3236, stack(0x000000188d400000,0x000000188d500000) (1024K)]
  0x000001defa3cc680 JavaThread "VFS cleanup"                       [_thread_blocked, id=22768, stack(0x000000188be00000,0x000000188bf00000) (1024K)]
  0x000001defa3cd620 JavaThread "Handler for socket connection from /127.0.0.1:54829 to /127.0.0.1:49600"        [_thread_in_native, id=16616, stack(0x000000188b800000,0x000000188b900000) (1024K)]
  0x000001defa3caf10 JavaThread "Cancel handler"                    [_thread_blocked, id=3044, stack(0x000000188ba00000,0x000000188bb00000) (1024K)]
  0x000001defa3cf560 JavaThread "Asynchronous log dispatcher for DefaultDaemonConnection: socket connection from /127.0.0.1:54829 to /127.0.0.1:49600"        [_thread_blocked, id=5396, stack(0x000000188bb00000,0x000000188bc00000) (1024K)]
  0x000001defa3cfd30 JavaThread "Stdin handler"                     [_thread_blocked, id=10308, stack(0x000000188bc00000,0x000000188bd00000) (1024K)]
  0x000001defa3d0cd0 JavaThread "Daemon client event forwarder"        [_thread_blocked, id=13592, stack(0x000000188bd00000,0x000000188be00000) (1024K)]
  0x000001defa3d1c70 JavaThread "Cache worker for file hash cache (C:\Users\ABDUL\Documents\apuntes\progra3\CYBER-QHATU\.gradle\9.6.0\fileHashes)"        [_thread_blocked, id=20544, stack(0x000000188d100000,0x000000188d200000) (1024K)]
  0x000001defa5fe600 JavaThread "Cache worker for Build Output Cleanup Cache (C:\Users\ABDUL\Documents\apuntes\progra3\CYBER-QHATU\.gradle\buildOutputCleanup)"        [_thread_blocked, id=9260, stack(0x000000188d200000,0x000000188d300000) (1024K)]
  0x000001defa5fedd0 JavaThread "jar transforms"                    [_thread_blocked, id=12436, stack(0x000000188df00000,0x000000188e000000) (1024K)]
  0x000001defa6014e0 JavaThread "jar transforms Thread 2"           [_thread_blocked, id=22172, stack(0x000000188e000000,0x000000188e100000) (1024K)]
  0x000001def7457a90 JavaThread "jar transforms Thread 3"           [_thread_blocked, id=7588, stack(0x000000188e100000,0x000000188e200000) (1024K)]
  0x000001def7454bb0 JavaThread "jar transforms Thread 4"           [_thread_blocked, id=2868, stack(0x000000188e200000,0x000000188e300000) (1024K)]
  0x000001def7459200 JavaThread "jar transforms Thread 5"           [_thread_blocked, id=23524, stack(0x000000188e300000,0x000000188e400000) (1024K)]
  0x000001def745a1a0 JavaThread "jar transforms Thread 6"           [_thread_blocked, id=8396, stack(0x000000188e400000,0x000000188e500000) (1024K)]
  0x000001def72db170 JavaThread "jar transforms Thread 7"           [_thread_blocked, id=10784, stack(0x000000188e500000,0x000000188e600000) (1024K)]
  0x000001def72df7c0 JavaThread "jar transforms Thread 8"           [_thread_blocked, id=16720, stack(0x000000188e600000,0x000000188e700000) (1024K)]
  0x000001def72dff90 JavaThread "jar transforms Thread 9"           [_thread_blocked, id=19876, stack(0x000000188e700000,0x000000188e800000) (1024K)]
  0x000001def72de050 JavaThread "jar transforms Thread 10"          [_thread_blocked, id=23088, stack(0x000000188e800000,0x000000188e900000) (1024K)]
  0x000001def73d4d50 JavaThread "jar transforms Thread 11"          [_thread_blocked, id=3064, stack(0x000000188e900000,0x000000188ea00000) (1024K)]
  0x000001def73d93a0 JavaThread "jar transforms Thread 12"          [_thread_blocked, id=21868, stack(0x000000188ea00000,0x000000188eb00000) (1024K)]
  0x000001def73d9b70 JavaThread "jar transforms Thread 13"          [_thread_blocked, id=10412, stack(0x000000188eb00000,0x000000188ec00000) (1024K)]
  0x000001def020d5e0 JavaThread "jar transforms Thread 14"          [_thread_blocked, id=21796, stack(0x000000188ec00000,0x000000188ed00000) (1024K)]
  0x000001def020b6a0 JavaThread "jar transforms Thread 15"          [_thread_blocked, id=16392, stack(0x000000188ed00000,0x000000188ee00000) (1024K)]
  0x000001def020ddb0 JavaThread "jar transforms Thread 16"          [_thread_blocked, id=7640, stack(0x000000188ee00000,0x000000188ef00000) (1024K)]
  0x000001def5a2bf50 JavaThread "Cache worker for checksums cache (C:\Users\ABDUL\Documents\apuntes\progra3\CYBER-QHATU\.gradle\9.6.0\checksums)"        [_thread_blocked, id=13136, stack(0x000000188ef00000,0x000000188f000000) (1024K)]
  0x000001def68f8fc0 JavaThread "Cache worker for cache directory md-supplier (C:\Users\ABDUL\.gradle\caches\9.6.0\md-supplier)"        [_thread_blocked, id=3652, stack(0x000000188f000000,0x000000188f100000) (1024K)]
  0x000001def68fce40 JavaThread "Cache worker for cache directory md-rule (C:\Users\ABDUL\.gradle\caches\9.6.0\md-rule)"        [_thread_blocked, id=17272, stack(0x000000188f100000,0x000000188f200000) (1024K)]
  0x000001def68ffd20 JavaThread "Build operations"                  [_thread_blocked, id=19396, stack(0x000000188f400000,0x000000188f500000) (1024K)]
  0x000001def69004f0 JavaThread "Build operations Thread 2"         [_thread_blocked, id=6392, stack(0x000000188f500000,0x000000188f600000) (1024K)]
  0x000001def68fed80 JavaThread "Build operations Thread 3"         [_thread_blocked, id=19740, stack(0x000000188f600000,0x000000188f700000) (1024K)]
  0x000001def74572c0 JavaThread "Build operations Thread 4"         [_thread_blocked, id=11728, stack(0x000000188f700000,0x000000188f800000) (1024K)]
  0x000001de84c09720 JavaThread "Build operations Thread 5"         [_thread_blocked, id=15688, stack(0x000000188f800000,0x000000188f900000) (1024K)]
  0x000001de84c0a6c0 JavaThread "Build operations Thread 6"         [_thread_blocked, id=23260, stack(0x000000188f900000,0x000000188fa00000) (1024K)]
  0x000001de84c0be30 JavaThread "Build operations Thread 7"         [_thread_blocked, id=12764, stack(0x000000188fa00000,0x000000188fb00000) (1024K)]
  0x000001de84c0f4e0 JavaThread "Build operations Thread 8"         [_thread_blocked, id=4100, stack(0x000000188fb00000,0x000000188fc00000) (1024K)]
  0x000001de84c0d5a0 JavaThread "Build operations Thread 9"         [_thread_blocked, id=3168, stack(0x000000188fc00000,0x000000188fd00000) (1024K)]
  0x000001de84c10480 JavaThread "Build operations Thread 10"        [_thread_blocked, id=18404, stack(0x000000188fd00000,0x000000188fe00000) (1024K)]
  0x000001de84c10c50 JavaThread "Build operations Thread 11"        [_thread_blocked, id=21792, stack(0x000000188fe00000,0x000000188ff00000) (1024K)]
  0x000001de84c11420 JavaThread "Build operations Thread 12"        [_thread_blocked, id=4556, stack(0x000000188ff00000,0x0000001890000000) (1024K)]
  0x000001de84c0dd70 JavaThread "Build operations Thread 13"        [_thread_blocked, id=10360, stack(0x0000001890000000,0x0000001890100000) (1024K)]
  0x000001de84c14300 JavaThread "Build operations Thread 14"        [_thread_blocked, id=23280, stack(0x0000001890100000,0x0000001890200000) (1024K)]
  0x000001de84c152a0 JavaThread "Build operations Thread 15"        [_thread_blocked, id=11628, stack(0x0000001890200000,0x0000001890300000) (1024K)]
  0x000001de84c15a70 JavaThread "Build operations Thread 16"        [_thread_blocked, id=8876, stack(0x0000001890300000,0x0000001890400000) (1024K)]
  0x000001def9ab9240 JavaThread "C2 CompilerThread1"         daemon [_thread_blocked, id=21860, stack(0x000000188a400000,0x000000188a500000) (1024K)]
  0x000001def9ab7200 JavaThread "C2 CompilerThread2"         daemon [_thread_blocked, id=23392, stack(0x000000188a500000,0x000000188a600000) (1024K)]
  0x000001def9ab8220 JavaThread "C2 CompilerThread3"         daemon [_thread_blocked, id=11820, stack(0x000000188d500000,0x000000188d600000) (1024K)]
  0x000001def9ab7a10 JavaThread "C1 CompilerThread1"         daemon [_thread_blocked, id=11236, stack(0x000000188d600000,0x000000188d700000) (1024K)]
  0x000001de84433640 JavaThread "C2 CompilerThread4"         daemon [_thread_blocked, id=6248, stack(0x000000188da00000,0x000000188db00000) (1024K)]
Total: 71

Other Threads:
  0x000001deefc3ebf0 VMThread "VM Thread"                           [id=12028, stack(0x000000188ae00000,0x000000188af00000) (1024K)]
  0x000001deefbf9870 WatcherThread "VM Periodic Task Thread"        [id=12132, stack(0x000000188ad00000,0x000000188ae00000) (1024K)]
  0x000001ded79d11e0 WorkerThread "GC Thread#0"                     [id=19000, stack(0x000000188a800000,0x000000188a900000) (1024K)]
  0x000001def5aff370 WorkerThread "GC Thread#1"                     [id=23152, stack(0x000000188bf00000,0x000000188c000000) (1024K)]
  0x000001def5aff7a0 WorkerThread "GC Thread#2"                     [id=1704, stack(0x000000188c000000,0x000000188c100000) (1024K)]
  0x000001def5affbd0 WorkerThread "GC Thread#3"                     [id=17732, stack(0x000000188c100000,0x000000188c200000) (1024K)]
  0x000001def50c6500 WorkerThread "GC Thread#4"                     [id=8740, stack(0x000000188c200000,0x000000188c300000) (1024K)]
  0x000001def50c6950 WorkerThread "GC Thread#5"                     [id=7592, stack(0x000000188c300000,0x000000188c400000) (1024K)]
  0x000001def731a740 WorkerThread "GC Thread#6"                     [id=13580, stack(0x000000188c700000,0x000000188c800000) (1024K)]
  0x000001def731afe0 WorkerThread "GC Thread#7"                     [id=7468, stack(0x000000188c800000,0x000000188c900000) (1024K)]
  0x000001def731b880 WorkerThread "GC Thread#8"                     [id=19224, stack(0x000000188c900000,0x000000188ca00000) (1024K)]
  0x000001def731c570 WorkerThread "GC Thread#9"                     [id=2720, stack(0x000000188ca00000,0x000000188cb00000) (1024K)]
  0x000001def731bcd0 WorkerThread "GC Thread#10"                    [id=19936, stack(0x000000188cb00000,0x000000188cc00000) (1024K)]
  0x000001def731c120 WorkerThread "GC Thread#11"                    [id=7600, stack(0x000000188cc00000,0x000000188cd00000) (1024K)]
  0x000001def7319a50 WorkerThread "GC Thread#12"                    [id=10432, stack(0x000000188cd00000,0x000000188ce00000) (1024K)]
  0x000001ded79ea2b0 ConcurrentGCThread "G1 Main Marker"            [id=1056, stack(0x000000188a900000,0x000000188aa00000) (1024K)]
  0x000001ded79ebd30 WorkerThread "G1 Conc#0"                       [id=21084, stack(0x000000188aa00000,0x000000188ab00000) (1024K)]
  0x000001def7318d60 WorkerThread "G1 Conc#1"                       [id=9484, stack(0x000000188ce00000,0x000000188cf00000) (1024K)]
  0x000001def73191b0 WorkerThread "G1 Conc#2"                       [id=15948, stack(0x000000188cf00000,0x000000188d000000) (1024K)]
  0x000001ded7a2e780 ConcurrentGCThread "G1 Refine#0"               [id=20012, stack(0x000000188ab00000,0x000000188ac00000) (1024K)]
  0x000001deefac13f0 ConcurrentGCThread "G1 Service"                [id=19976, stack(0x000000188ac00000,0x000000188ad00000) (1024K)]
Total: 21

Threads with active compile tasks:
C2 CompilerThread0  32469 13658       4       java.net.URLStreamHandler::parseURL (1130 bytes)
Total: 1

VM state: not at safepoint (normal execution)

VM Mutex/Monitor currently owned by a thread: None

Heap address: 0x0000000080000000, size: 2048 MB, Compressed Oops mode: 32-bit

CDS archive(s) not mapped
Compressed class space mapped at: 0x000000002f000000-0x000000006f000000, reserved size: 1073741824
UseCompressedClassPointers 1, UseCompactObjectHeaders 0
Narrow klass pointer bits 32, Max shift 3
Narrow klass base: 0x0000000000000000, Narrow klass shift: 0
Encoding Range: [0x0000000000000000 - 0x0000000100000000), (4294967296 bytes)
Klass Range:    [0x000000002f000000 - 0x000000006f000000), (1073741824 bytes)
Klass ID Range:  [788529152 - 1862270969) (1073741817)
No protection zone.

GC Precious Log:
 CardTable entry size: 512
 Card Set container configuration: InlinePtr #cards 5 size 8 Array Of Cards #cards 10 size 36 Howl #buckets 4 coarsen threshold 1843 Howl Bitmap #cards 512 size 80 coarsen threshold 460 Card regions per heap region 1 cards per card region 2048
 CPUs: 16 total, 16 available
 Memory: 16085M
 Large Page Support: Disabled
 NUMA Support: Disabled
 Compressed Oops: Enabled (32-bit)
 Heap Region Size: 1M
 Heap Min Capacity: 8M
 Heap Initial Capacity: 252M
 Heap Max Capacity: 2G
 Pre-touch: Disabled
 Parallel Workers: 13
 Concurrent Workers: 3
 Concurrent Refinement Workers: 13
 Periodic GC: Disabled

Heap:
 garbage-first heap   total reserved 2097152K, committed 211968K, used 138318K [0x0000000080000000, 0x0000000100000000)
  region size 1024K, 10 young (10240K), 9 survivors (9216K)

Heap Regions: E=young(eden), S=young(survivor), O=old, HS=humongous(starts), HC=humongous(continues), CS=collection set, F=free, TAMS=top-at-mark-start, PB=parsable bottom
|   0|0x0000000080000000, 0x0000000080100000, 0x0000000080100000|100%|HS|  |TAMS 0x0000000080000000| PB 0x0000000080000000| Complete |  0
|   1|0x0000000080100000, 0x0000000080200000, 0x0000000080200000|100%|HC|  |TAMS 0x0000000080100000| PB 0x0000000080100000| Complete |  0
|   2|0x0000000080200000, 0x0000000080300000, 0x0000000080300000|100%|HC|  |TAMS 0x0000000080200000| PB 0x0000000080200000| Complete |  0
|   3|0x0000000080300000, 0x0000000080400000, 0x0000000080400000|100%|HC|  |TAMS 0x0000000080300000| PB 0x0000000080300000| Complete |  0
|   4|0x0000000080400000, 0x0000000080500000, 0x0000000080500000|100%| O|  |TAMS 0x0000000080400000| PB 0x0000000080400000| Untracked |  0
|   5|0x0000000080500000, 0x0000000080600000, 0x0000000080600000|100%| O|  |TAMS 0x0000000080500000| PB 0x0000000080500000| Untracked |  0
|   6|0x0000000080600000, 0x0000000080700000, 0x0000000080700000|100%|HS|  |TAMS 0x0000000080600000| PB 0x0000000080600000| Complete |  0
|   7|0x0000000080700000, 0x0000000080800000, 0x0000000080800000|100%|HS|  |TAMS 0x0000000080700000| PB 0x0000000080700000| Complete |  0
|   8|0x0000000080800000, 0x0000000080900000, 0x0000000080900000|100%| O|  |TAMS 0x0000000080800000| PB 0x0000000080800000| Untracked |  0
|   9|0x0000000080900000, 0x0000000080a00000, 0x0000000080a00000|100%| O|  |TAMS 0x0000000080900000| PB 0x0000000080900000| Untracked |  0
|  10|0x0000000080a00000, 0x0000000080b00000, 0x0000000080b00000|100%| O|  |TAMS 0x0000000080a00000| PB 0x0000000080a00000| Untracked |  0
|  11|0x0000000080b00000, 0x0000000080c00000, 0x0000000080c00000|100%| O|  |TAMS 0x0000000080b00000| PB 0x0000000080b00000| Untracked |  0
|  12|0x0000000080c00000, 0x0000000080d00000, 0x0000000080d00000|100%| O|  |TAMS 0x0000000080c00000| PB 0x0000000080c00000| Untracked |  0
|  13|0x0000000080d00000, 0x0000000080e00000, 0x0000000080e00000|100%| O|  |TAMS 0x0000000080d00000| PB 0x0000000080d00000| Untracked |  0
|  14|0x0000000080e00000, 0x0000000080f00000, 0x0000000080f00000|100%| O|  |TAMS 0x0000000080e00000| PB 0x0000000080e00000| Untracked |  0
|  15|0x0000000080f00000, 0x0000000081000000, 0x0000000081000000|100%| O|  |TAMS 0x0000000080f00000| PB 0x0000000080f00000| Untracked |  0
|  16|0x0000000081000000, 0x0000000081100000, 0x0000000081100000|100%| O|  |TAMS 0x0000000081000000| PB 0x0000000081000000| Untracked |  0
|  17|0x0000000081100000, 0x0000000081200000, 0x0000000081200000|100%| O|  |TAMS 0x0000000081100000| PB 0x0000000081100000| Untracked |  0
|  18|0x0000000081200000, 0x0000000081300000, 0x0000000081300000|100%|HS|  |TAMS 0x0000000081200000| PB 0x0000000081200000| Complete |  0
|  19|0x0000000081300000, 0x0000000081400000, 0x0000000081400000|100%|HS|  |TAMS 0x0000000081300000| PB 0x0000000081300000| Complete |  0
|  20|0x0000000081400000, 0x0000000081500000, 0x0000000081500000|100%| O|  |TAMS 0x0000000081400000| PB 0x0000000081400000| Untracked |  0
|  21|0x0000000081500000, 0x0000000081600000, 0x0000000081600000|100%| O|  |TAMS 0x0000000081500000| PB 0x0000000081500000| Untracked |  0
|  22|0x0000000081600000, 0x0000000081700000, 0x0000000081700000|100%|HS|  |TAMS 0x0000000081600000| PB 0x0000000081600000| Complete |  0
|  23|0x0000000081700000, 0x0000000081800000, 0x0000000081800000|100%|HC|  |TAMS 0x0000000081700000| PB 0x0000000081700000| Complete |  0
|  24|0x0000000081800000, 0x0000000081900000, 0x0000000081900000|100%|HS|  |TAMS 0x0000000081800000| PB 0x0000000081800000| Complete |  0
|  25|0x0000000081900000, 0x0000000081a00000, 0x0000000081a00000|100%|HS|  |TAMS 0x0000000081900000| PB 0x0000000081900000| Complete |  0
|  26|0x0000000081a00000, 0x0000000081b00000, 0x0000000081b00000|100%|HS|  |TAMS 0x0000000081a00000| PB 0x0000000081a00000| Complete |  0
|  27|0x0000000081b00000, 0x0000000081c00000, 0x0000000081c00000|100%|HC|  |TAMS 0x0000000081b00000| PB 0x0000000081b00000| Complete |  0
|  28|0x0000000081c00000, 0x0000000081d00000, 0x0000000081d00000|100%| O|  |TAMS 0x0000000081c00000| PB 0x0000000081c00000| Untracked |  0
|  29|0x0000000081d00000, 0x0000000081e00000, 0x0000000081e00000|100%| O|  |TAMS 0x0000000081d00000| PB 0x0000000081d00000| Untracked |  0
|  30|0x0000000081e00000, 0x0000000081f00000, 0x0000000081f00000|100%|HS|  |TAMS 0x0000000081e00000| PB 0x0000000081e00000| Complete |  0
|  31|0x0000000081f00000, 0x0000000082000000, 0x0000000082000000|100%| O|  |TAMS 0x0000000081f00000| PB 0x0000000081f00000| Untracked |  0
|  32|0x0000000082000000, 0x0000000082100000, 0x0000000082100000|100%| O|  |TAMS 0x0000000082000000| PB 0x0000000082000000| Untracked |  0
|  33|0x0000000082100000, 0x0000000082200000, 0x0000000082200000|100%|HS|  |TAMS 0x0000000082100000| PB 0x0000000082100000| Complete |  0
|  34|0x0000000082200000, 0x0000000082300000, 0x0000000082300000|100%|HS|  |TAMS 0x0000000082200000| PB 0x0000000082200000| Complete |  0
|  35|0x0000000082300000, 0x0000000082400000, 0x0000000082400000|100%| O|  |TAMS 0x0000000082300000| PB 0x0000000082300000| Untracked |  0
|  36|0x0000000082400000, 0x0000000082500000, 0x0000000082500000|100%| O|  |TAMS 0x0000000082400000| PB 0x0000000082400000| Untracked |  0
|  37|0x0000000082500000, 0x0000000082600000, 0x0000000082600000|100%| O|  |TAMS 0x0000000082500000| PB 0x0000000082500000| Untracked |  0
|  38|0x0000000082600000, 0x0000000082700000, 0x0000000082700000|100%|HS|  |TAMS 0x0000000082600000| PB 0x0000000082600000| Complete |  0
|  39|0x0000000082700000, 0x0000000082800000, 0x0000000082800000|100%| O|  |TAMS 0x0000000082700000| PB 0x0000000082700000| Untracked |  0
|  40|0x0000000082800000, 0x0000000082900000, 0x0000000082900000|100%| O|  |TAMS 0x0000000082800000| PB 0x0000000082800000| Untracked |  0
|  41|0x0000000082900000, 0x0000000082a00000, 0x0000000082a00000|100%| O|Cm|TAMS 0x0000000082900000| PB 0x0000000082900000| Complete |  0
|  42|0x0000000082a00000, 0x0000000082b00000, 0x0000000082b00000|100%| O|  |TAMS 0x0000000082a00000| PB 0x0000000082a00000| Untracked |  0
|  43|0x0000000082b00000, 0x0000000082c00000, 0x0000000082c00000|100%| O|  |TAMS 0x0000000082b00000| PB 0x0000000082b00000| Untracked |  0
|  44|0x0000000082c00000, 0x0000000082d00000, 0x0000000082d00000|100%| O|  |TAMS 0x0000000082c00000| PB 0x0000000082c00000| Untracked |  0
|  45|0x0000000082d00000, 0x0000000082e00000, 0x0000000082e00000|100%| O|Cm|TAMS 0x0000000082d00000| PB 0x0000000082d00000| Complete |  0
|  46|0x0000000082e00000, 0x0000000082f00000, 0x0000000082f00000|100%|HS|  |TAMS 0x0000000082e00000| PB 0x0000000082e00000| Complete |  0
|  47|0x0000000082f00000, 0x0000000083000000, 0x0000000083000000|100%|HS|  |TAMS 0x0000000082f00000| PB 0x0000000082f00000| Complete |  0
|  48|0x0000000083000000, 0x0000000083100000, 0x0000000083100000|100%| O|  |TAMS 0x0000000083000000| PB 0x0000000083000000| Untracked |  0
|  49|0x0000000083100000, 0x0000000083200000, 0x0000000083200000|100%| O|  |TAMS 0x0000000083100000| PB 0x0000000083100000| Untracked |  0
|  50|0x0000000083200000, 0x0000000083300000, 0x0000000083300000|100%| O|  |TAMS 0x0000000083200000| PB 0x0000000083200000| Untracked |  0
|  51|0x0000000083300000, 0x0000000083400000, 0x0000000083400000|100%| O|  |TAMS 0x0000000083300000| PB 0x0000000083300000| Untracked |  0
|  52|0x0000000083400000, 0x0000000083500000, 0x0000000083500000|100%|HS|  |TAMS 0x0000000083400000| PB 0x0000000083400000| Complete |  0
|  53|0x0000000083500000, 0x0000000083600000, 0x0000000083600000|100%|HS|  |TAMS 0x0000000083500000| PB 0x0000000083500000| Complete |  0
|  54|0x0000000083600000, 0x0000000083700000, 0x0000000083700000|100%| O|  |TAMS 0x0000000083600000| PB 0x0000000083600000| Untracked |  0
|  55|0x0000000083700000, 0x0000000083800000, 0x0000000083800000|100%| O|  |TAMS 0x0000000083700000| PB 0x0000000083700000| Untracked |  0
|  56|0x0000000083800000, 0x0000000083900000, 0x0000000083900000|100%| O|  |TAMS 0x0000000083800000| PB 0x0000000083800000| Untracked |  0
|  57|0x0000000083900000, 0x0000000083a00000, 0x0000000083a00000|100%|HS|  |TAMS 0x0000000083900000| PB 0x0000000083900000| Complete |  0
|  58|0x0000000083a00000, 0x0000000083b00000, 0x0000000083b00000|100%|HC|  |TAMS 0x0000000083a00000| PB 0x0000000083a00000| Complete |  0
|  59|0x0000000083b00000, 0x0000000083c00000, 0x0000000083c00000|100%|HC|  |TAMS 0x0000000083b00000| PB 0x0000000083b00000| Complete |  0
|  60|0x0000000083c00000, 0x0000000083d00000, 0x0000000083d00000|100%|HC|  |TAMS 0x0000000083c00000| PB 0x0000000083c00000| Complete |  0
|  61|0x0000000083d00000, 0x0000000083e00000, 0x0000000083e00000|100%|HC|  |TAMS 0x0000000083d00000| PB 0x0000000083d00000| Complete |  0
|  62|0x0000000083e00000, 0x0000000083f00000, 0x0000000083f00000|100%|HC|  |TAMS 0x0000000083e00000| PB 0x0000000083e00000| Complete |  0
|  63|0x0000000083f00000, 0x0000000084000000, 0x0000000084000000|100%| O|Cm|TAMS 0x0000000083f00000| PB 0x0000000083f00000| Complete |  0
|  64|0x0000000084000000, 0x0000000084100000, 0x0000000084100000|100%| O|  |TAMS 0x0000000084000000| PB 0x0000000084000000| Untracked |  0
|  65|0x0000000084100000, 0x0000000084200000, 0x0000000084200000|100%| O|  |TAMS 0x0000000084100000| PB 0x0000000084100000| Untracked |  0
|  66|0x0000000084200000, 0x0000000084300000, 0x0000000084300000|100%| O|  |TAMS 0x0000000084200000| PB 0x0000000084200000| Untracked |  0
|  67|0x0000000084300000, 0x0000000084400000, 0x0000000084400000|100%| O|  |TAMS 0x0000000084300000| PB 0x0000000084300000| Untracked |  0
|  68|0x0000000084400000, 0x0000000084500000, 0x0000000084500000|100%|HS|  |TAMS 0x0000000084400000| PB 0x0000000084400000| Complete |  0
|  69|0x0000000084500000, 0x0000000084600000, 0x0000000084600000|100%|HC|  |TAMS 0x0000000084500000| PB 0x0000000084500000| Complete |  0
|  70|0x0000000084600000, 0x0000000084700000, 0x0000000084700000|100%|HC|  |TAMS 0x0000000084600000| PB 0x0000000084600000| Complete |  0
|  71|0x0000000084700000, 0x0000000084800000, 0x0000000084800000|100%|HC|  |TAMS 0x0000000084700000| PB 0x0000000084700000| Complete |  0
|  72|0x0000000084800000, 0x0000000084900000, 0x0000000084900000|100%|HC|  |TAMS 0x0000000084800000| PB 0x0000000084800000| Complete |  0
|  73|0x0000000084900000, 0x0000000084a00000, 0x0000000084a00000|100%|HC|  |TAMS 0x0000000084900000| PB 0x0000000084900000| Complete |  0
|  74|0x0000000084a00000, 0x0000000084b00000, 0x0000000084b00000|100%|HS|  |TAMS 0x0000000084a00000| PB 0x0000000084a00000| Complete |  0
|  75|0x0000000084b00000, 0x0000000084c00000, 0x0000000084c00000|100%| O|  |TAMS 0x0000000084b00000| PB 0x0000000084b00000| Untracked |  0
|  76|0x0000000084c00000, 0x0000000084d00000, 0x0000000084d00000|100%| O|  |TAMS 0x0000000084c00000| PB 0x0000000084c00000| Untracked |  0
|  77|0x0000000084d00000, 0x0000000084e00000, 0x0000000084e00000|100%|HS|  |TAMS 0x0000000084d00000| PB 0x0000000084d00000| Complete |  0
|  78|0x0000000084e00000, 0x0000000084f00000, 0x0000000084f00000|100%| O|  |TAMS 0x0000000084e00000| PB 0x0000000084e00000| Untracked |  0
|  79|0x0000000084f00000, 0x0000000085000000, 0x0000000085000000|100%| O|  |TAMS 0x0000000084f00000| PB 0x0000000084f00000| Untracked |  0
|  80|0x0000000085000000, 0x0000000085100000, 0x0000000085100000|100%| O|  |TAMS 0x0000000085000000| PB 0x0000000085000000| Untracked |  0
|  81|0x0000000085100000, 0x0000000085200000, 0x0000000085200000|100%| O|  |TAMS 0x0000000085100000| PB 0x0000000085100000| Untracked |  0
|  82|0x0000000085200000, 0x0000000085300000, 0x0000000085300000|100%| O|  |TAMS 0x0000000085200000| PB 0x0000000085200000| Untracked |  0
|  83|0x0000000085300000, 0x0000000085400000, 0x0000000085400000|100%| O|  |TAMS 0x0000000085300000| PB 0x0000000085300000| Untracked |  0
|  84|0x0000000085400000, 0x0000000085500000, 0x0000000085500000|100%| O|  |TAMS 0x0000000085400000| PB 0x0000000085400000| Untracked |  0
|  85|0x0000000085500000, 0x0000000085600000, 0x0000000085600000|100%| O|  |TAMS 0x0000000085500000| PB 0x0000000085500000| Untracked |  0
|  86|0x0000000085600000, 0x0000000085700000, 0x0000000085700000|100%| O|  |TAMS 0x0000000085600000| PB 0x0000000085600000| Untracked |  0
|  87|0x0000000085700000, 0x0000000085800000, 0x0000000085800000|100%| O|  |TAMS 0x0000000085700000| PB 0x0000000085700000| Untracked |  0
|  88|0x0000000085800000, 0x0000000085900000, 0x0000000085900000|100%| O|  |TAMS 0x0000000085800000| PB 0x0000000085800000| Untracked |  0
|  89|0x0000000085900000, 0x0000000085a00000, 0x0000000085a00000|100%| O|  |TAMS 0x0000000085900000| PB 0x0000000085900000| Untracked |  0
|  90|0x0000000085a00000, 0x0000000085b00000, 0x0000000085b00000|100%| O|  |TAMS 0x0000000085a00000| PB 0x0000000085a00000| Untracked |  0
|  91|0x0000000085b00000, 0x0000000085c00000, 0x0000000085c00000|100%| O|  |TAMS 0x0000000085b00000| PB 0x0000000085b00000| Untracked |  0
|  92|0x0000000085c00000, 0x0000000085d00000, 0x0000000085d00000|100%| O|  |TAMS 0x0000000085c00000| PB 0x0000000085c00000| Untracked |  0
|  93|0x0000000085d00000, 0x0000000085e00000, 0x0000000085e00000|100%| O|  |TAMS 0x0000000085d00000| PB 0x0000000085d00000| Untracked |  0
|  94|0x0000000085e00000, 0x0000000085f00000, 0x0000000085f00000|100%|HS|  |TAMS 0x0000000085e00000| PB 0x0000000085e00000| Complete |  0
|  95|0x0000000085f00000, 0x0000000086000000, 0x0000000086000000|100%| O|  |TAMS 0x0000000085f00000| PB 0x0000000085f00000| Untracked |  0
|  96|0x0000000086000000, 0x0000000086100000, 0x0000000086100000|100%| O|  |TAMS 0x0000000086000000| PB 0x0000000086000000| Untracked |  0
|  97|0x0000000086100000, 0x0000000086200000, 0x0000000086200000|100%| O|  |TAMS 0x0000000086100000| PB 0x0000000086100000| Untracked |  0
|  98|0x0000000086200000, 0x0000000086300000, 0x0000000086300000|100%| O|  |TAMS 0x0000000086200000| PB 0x0000000086200000| Untracked |  0
|  99|0x0000000086300000, 0x0000000086400000, 0x0000000086400000|100%| O|  |TAMS 0x0000000086300000| PB 0x0000000086300000| Untracked |  0
| 100|0x0000000086400000, 0x0000000086500000, 0x0000000086500000|100%| O|  |TAMS 0x0000000086400000| PB 0x0000000086400000| Untracked |  0
| 101|0x0000000086500000, 0x0000000086600000, 0x0000000086600000|100%| O|Cm|TAMS 0x0000000086500000| PB 0x0000000086500000| Complete |  0
| 102|0x0000000086600000, 0x0000000086700000, 0x0000000086700000|100%|HS|  |TAMS 0x0000000086600000| PB 0x0000000086600000| Complete |  0
| 103|0x0000000086700000, 0x0000000086800000, 0x0000000086800000|100%|HS|  |TAMS 0x0000000086700000| PB 0x0000000086700000| Complete |  0
| 104|0x0000000086800000, 0x0000000086900000, 0x0000000086900000|100%| O|  |TAMS 0x0000000086800000| PB 0x0000000086800000| Untracked |  0
| 105|0x0000000086900000, 0x0000000086a00000, 0x0000000086a00000|100%| O|  |TAMS 0x0000000086900000| PB 0x0000000086900000| Untracked |  0
| 106|0x0000000086a00000, 0x0000000086b00000, 0x0000000086b00000|100%| O|  |TAMS 0x0000000086a00000| PB 0x0000000086a00000| Untracked |  0
| 107|0x0000000086b00000, 0x0000000086c00000, 0x0000000086c00000|100%| O|  |TAMS 0x0000000086b00000| PB 0x0000000086b00000| Untracked |  0
| 108|0x0000000086c00000, 0x0000000086c41b08, 0x0000000086d00000| 25%| O|  |TAMS 0x0000000086c00000| PB 0x0000000086c00000| Untracked |  0
| 109|0x0000000086d00000, 0x0000000086d00000, 0x0000000086e00000|  0%| F|  |TAMS 0x0000000086d00000| PB 0x0000000086d00000| Untracked |  0
| 110|0x0000000086e00000, 0x0000000086e00000, 0x0000000086f00000|  0%| F|  |TAMS 0x0000000086e00000| PB 0x0000000086e00000| Untracked |  0
| 111|0x0000000086f00000, 0x0000000086f00000, 0x0000000087000000|  0%| F|  |TAMS 0x0000000086f00000| PB 0x0000000086f00000| Untracked |  0
| 112|0x0000000087000000, 0x0000000087000000, 0x0000000087100000|  0%| F|  |TAMS 0x0000000087000000| PB 0x0000000087000000| Untracked |  0
| 113|0x0000000087100000, 0x0000000087100000, 0x0000000087200000|  0%| F|  |TAMS 0x0000000087100000| PB 0x0000000087100000| Untracked |  0
| 114|0x0000000087200000, 0x0000000087200000, 0x0000000087300000|  0%| F|  |TAMS 0x0000000087200000| PB 0x0000000087200000| Untracked |  0
| 115|0x0000000087300000, 0x00000000873d2010, 0x0000000087400000| 82%| S|CS|TAMS 0x0000000087300000| PB 0x0000000087300000| Complete |  0
| 116|0x0000000087400000, 0x0000000087400000, 0x0000000087500000|  0%| F|  |TAMS 0x0000000087400000| PB 0x0000000087400000| Untracked |  0
| 117|0x0000000087500000, 0x0000000087500000, 0x0000000087600000|  0%| F|  |TAMS 0x0000000087500000| PB 0x0000000087500000| Untracked |  0
| 118|0x0000000087600000, 0x0000000087600000, 0x0000000087700000|  0%| F|  |TAMS 0x0000000087600000| PB 0x0000000087600000| Untracked |  0
| 119|0x0000000087700000, 0x0000000087800000, 0x0000000087800000|100%| S|CS|TAMS 0x0000000087700000| PB 0x0000000087700000| Complete |  0
| 120|0x0000000087800000, 0x0000000087900000, 0x0000000087900000|100%| S|CS|TAMS 0x0000000087800000| PB 0x0000000087800000| Complete |  0
| 121|0x0000000087900000, 0x0000000087a00000, 0x0000000087a00000|100%| S|CS|TAMS 0x0000000087900000| PB 0x0000000087900000| Complete |  0
| 122|0x0000000087a00000, 0x0000000087b00000, 0x0000000087b00000|100%| S|CS|TAMS 0x0000000087a00000| PB 0x0000000087a00000| Complete |  0
| 123|0x0000000087b00000, 0x0000000087c00000, 0x0000000087c00000|100%| S|CS|TAMS 0x0000000087b00000| PB 0x0000000087b00000| Complete |  0
| 124|0x0000000087c00000, 0x0000000087d00000, 0x0000000087d00000|100%| S|CS|TAMS 0x0000000087c00000| PB 0x0000000087c00000| Complete |  0
| 125|0x0000000087d00000, 0x0000000087e00000, 0x0000000087e00000|100%| S|CS|TAMS 0x0000000087d00000| PB 0x0000000087d00000| Complete |  0
| 126|0x0000000087e00000, 0x0000000087f00000, 0x0000000087f00000|100%| S|CS|TAMS 0x0000000087e00000| PB 0x0000000087e00000| Complete |  0
| 127|0x0000000087f00000, 0x0000000087f00000, 0x0000000088000000|  0%| F|  |TAMS 0x0000000087f00000| PB 0x0000000087f00000| Untracked |  0
| 128|0x0000000088000000, 0x0000000088000000, 0x0000000088100000|  0%| F|  |TAMS 0x0000000088000000| PB 0x0000000088000000| Untracked |  0
| 129|0x0000000088100000, 0x0000000088100000, 0x0000000088200000|  0%| F|  |TAMS 0x0000000088100000| PB 0x0000000088100000| Untracked |  0
| 130|0x0000000088200000, 0x0000000088200000, 0x0000000088300000|  0%| F|  |TAMS 0x0000000088200000| PB 0x0000000088200000| Untracked |  0
| 131|0x0000000088300000, 0x0000000088300000, 0x0000000088400000|  0%| F|  |TAMS 0x0000000088300000| PB 0x0000000088300000| Untracked |  0
| 132|0x0000000088400000, 0x0000000088400000, 0x0000000088500000|  0%| F|  |TAMS 0x0000000088400000| PB 0x0000000088400000| Untracked |  0
| 133|0x0000000088500000, 0x0000000088500000, 0x0000000088600000|  0%| F|  |TAMS 0x0000000088500000| PB 0x0000000088500000| Untracked |  0
| 134|0x0000000088600000, 0x0000000088600000, 0x0000000088700000|  0%| F|  |TAMS 0x0000000088600000| PB 0x0000000088600000| Untracked |  0
| 135|0x0000000088700000, 0x0000000088700000, 0x0000000088800000|  0%| F|  |TAMS 0x0000000088700000| PB 0x0000000088700000| Untracked |  0
| 136|0x0000000088800000, 0x0000000088800000, 0x0000000088900000|  0%| F|  |TAMS 0x0000000088800000| PB 0x0000000088800000| Untracked |  0
| 137|0x0000000088900000, 0x0000000088900000, 0x0000000088a00000|  0%| F|  |TAMS 0x0000000088900000| PB 0x0000000088900000| Untracked |  0
| 138|0x0000000088a00000, 0x0000000088a00000, 0x0000000088b00000|  0%| F|  |TAMS 0x0000000088a00000| PB 0x0000000088a00000| Untracked |  0
| 139|0x0000000088b00000, 0x0000000088b00000, 0x0000000088c00000|  0%| F|  |TAMS 0x0000000088b00000| PB 0x0000000088b00000| Untracked |  0
| 140|0x0000000088c00000, 0x0000000088c00000, 0x0000000088d00000|  0%| F|  |TAMS 0x0000000088c00000| PB 0x0000000088c00000| Untracked |  0
| 141|0x0000000088d00000, 0x0000000088d00000, 0x0000000088e00000|  0%| F|  |TAMS 0x0000000088d00000| PB 0x0000000088d00000| Untracked |  0
| 142|0x0000000088e00000, 0x0000000088e00000, 0x0000000088f00000|  0%| F|  |TAMS 0x0000000088e00000| PB 0x0000000088e00000| Untracked |  0
| 143|0x0000000088f00000, 0x0000000088f00000, 0x0000000089000000|  0%| F|  |TAMS 0x0000000088f00000| PB 0x0000000088f00000| Untracked |  0
| 144|0x0000000089000000, 0x0000000089000000, 0x0000000089100000|  0%| F|  |TAMS 0x0000000089000000| PB 0x0000000089000000| Untracked |  0
| 145|0x0000000089100000, 0x0000000089100000, 0x0000000089200000|  0%| F|  |TAMS 0x0000000089100000| PB 0x0000000089100000| Untracked |  0
| 146|0x0000000089200000, 0x0000000089200000, 0x0000000089300000|  0%| F|  |TAMS 0x0000000089200000| PB 0x0000000089200000| Untracked |  0
| 147|0x0000000089300000, 0x0000000089300000, 0x0000000089400000|  0%| F|  |TAMS 0x0000000089300000| PB 0x0000000089300000| Untracked |  0
| 148|0x0000000089400000, 0x0000000089400000, 0x0000000089500000|  0%| F|  |TAMS 0x0000000089400000| PB 0x0000000089400000| Untracked |  0
| 149|0x0000000089500000, 0x0000000089500000, 0x0000000089600000|  0%| F|  |TAMS 0x0000000089500000| PB 0x0000000089500000| Untracked |  0
| 150|0x0000000089600000, 0x0000000089600000, 0x0000000089700000|  0%| F|  |TAMS 0x0000000089600000| PB 0x0000000089600000| Untracked |  0
| 151|0x0000000089700000, 0x0000000089700000, 0x0000000089800000|  0%| F|  |TAMS 0x0000000089700000| PB 0x0000000089700000| Untracked |  0
| 152|0x0000000089800000, 0x0000000089800000, 0x0000000089900000|  0%| F|  |TAMS 0x0000000089800000| PB 0x0000000089800000| Untracked |  0
| 153|0x0000000089900000, 0x0000000089900000, 0x0000000089a00000|  0%| F|  |TAMS 0x0000000089900000| PB 0x0000000089900000| Untracked |  0
| 154|0x0000000089a00000, 0x0000000089a00000, 0x0000000089b00000|  0%| F|  |TAMS 0x0000000089a00000| PB 0x0000000089a00000| Untracked |  0
| 155|0x0000000089b00000, 0x0000000089b00000, 0x0000000089c00000|  0%| F|  |TAMS 0x0000000089b00000| PB 0x0000000089b00000| Untracked |  0
| 156|0x0000000089c00000, 0x0000000089c00000, 0x0000000089d00000|  0%| F|  |TAMS 0x0000000089c00000| PB 0x0000000089c00000| Untracked |  0
| 157|0x0000000089d00000, 0x0000000089d00000, 0x0000000089e00000|  0%| F|  |TAMS 0x0000000089d00000| PB 0x0000000089d00000| Untracked |  0
| 158|0x0000000089e00000, 0x0000000089e00000, 0x0000000089f00000|  0%| F|  |TAMS 0x0000000089e00000| PB 0x0000000089e00000| Untracked |  0
| 159|0x0000000089f00000, 0x0000000089f00000, 0x000000008a000000|  0%| F|  |TAMS 0x0000000089f00000| PB 0x0000000089f00000| Untracked |  0
| 160|0x000000008a000000, 0x000000008a000000, 0x000000008a100000|  0%| F|  |TAMS 0x000000008a000000| PB 0x000000008a000000| Untracked |  0
| 161|0x000000008a100000, 0x000000008a100000, 0x000000008a200000|  0%| F|  |TAMS 0x000000008a100000| PB 0x000000008a100000| Untracked |  0
| 162|0x000000008a200000, 0x000000008a200000, 0x000000008a300000|  0%| F|  |TAMS 0x000000008a200000| PB 0x000000008a200000| Untracked |  0
| 163|0x000000008a300000, 0x000000008a300000, 0x000000008a400000|  0%| F|  |TAMS 0x000000008a300000| PB 0x000000008a300000| Untracked |  0
| 164|0x000000008a400000, 0x000000008a400000, 0x000000008a500000|  0%| F|  |TAMS 0x000000008a400000| PB 0x000000008a400000| Untracked |  0
| 165|0x000000008a500000, 0x000000008a500000, 0x000000008a600000|  0%| F|  |TAMS 0x000000008a500000| PB 0x000000008a500000| Untracked |  0
| 166|0x000000008a600000, 0x000000008a600000, 0x000000008a700000|  0%| F|  |TAMS 0x000000008a600000| PB 0x000000008a600000| Untracked |  0
| 167|0x000000008a700000, 0x000000008a700000, 0x000000008a800000|  0%| F|  |TAMS 0x000000008a700000| PB 0x000000008a700000| Untracked |  0
| 168|0x000000008a800000, 0x000000008a800000, 0x000000008a900000|  0%| F|  |TAMS 0x000000008a800000| PB 0x000000008a800000| Untracked |  0
| 171|0x000000008ab00000, 0x000000008ab00000, 0x000000008ac00000|  0%| F|  |TAMS 0x000000008ab00000| PB 0x000000008ab00000| Untracked |  0
| 172|0x000000008ac00000, 0x000000008ac00000, 0x000000008ad00000|  0%| F|  |TAMS 0x000000008ac00000| PB 0x000000008ac00000| Untracked |  0
| 173|0x000000008ad00000, 0x000000008ad00000, 0x000000008ae00000|  0%| F|  |TAMS 0x000000008ad00000| PB 0x000000008ad00000| Untracked |  0
| 174|0x000000008ae00000, 0x000000008ae00000, 0x000000008af00000|  0%| F|  |TAMS 0x000000008ae00000| PB 0x000000008ae00000| Untracked |  0
| 175|0x000000008af00000, 0x000000008af00000, 0x000000008b000000|  0%| F|  |TAMS 0x000000008af00000| PB 0x000000008af00000| Untracked |  0
| 176|0x000000008b000000, 0x000000008b000000, 0x000000008b100000|  0%| F|  |TAMS 0x000000008b000000| PB 0x000000008b000000| Untracked |  0
| 177|0x000000008b100000, 0x000000008b100000, 0x000000008b200000|  0%| F|  |TAMS 0x000000008b100000| PB 0x000000008b100000| Untracked |  0
| 178|0x000000008b200000, 0x000000008b200000, 0x000000008b300000|  0%| F|  |TAMS 0x000000008b200000| PB 0x000000008b200000| Untracked |  0
| 179|0x000000008b300000, 0x000000008b300000, 0x000000008b400000|  0%| F|  |TAMS 0x000000008b300000| PB 0x000000008b300000| Untracked |  0
| 180|0x000000008b400000, 0x000000008b400000, 0x000000008b500000|  0%| F|  |TAMS 0x000000008b400000| PB 0x000000008b400000| Untracked |  0
| 181|0x000000008b500000, 0x000000008b500000, 0x000000008b600000|  0%| F|  |TAMS 0x000000008b500000| PB 0x000000008b500000| Untracked |  0
| 182|0x000000008b600000, 0x000000008b600000, 0x000000008b700000|  0%| F|  |TAMS 0x000000008b600000| PB 0x000000008b600000| Untracked |  0
| 183|0x000000008b700000, 0x000000008b700000, 0x000000008b800000|  0%| F|  |TAMS 0x000000008b700000| PB 0x000000008b700000| Untracked |  0
| 251|0x000000008fb00000, 0x000000008fb00000, 0x000000008fc00000|  0%| F|  |TAMS 0x000000008fb00000| PB 0x000000008fb00000| Untracked |  0
|2024|0x00000000fe800000, 0x00000000fe900000, 0x00000000fe900000|100%| O|  |TAMS 0x00000000fe800000| PB 0x00000000fe800000| Untracked |  0
|2025|0x00000000fe900000, 0x00000000fe900000, 0x00000000fea00000|  0%| F|  |TAMS 0x00000000fe900000| PB 0x00000000fe900000| Untracked |  0
|2026|0x00000000fea00000, 0x00000000feb00000, 0x00000000feb00000|100%| O|  |TAMS 0x00000000fea00000| PB 0x00000000fea00000| Untracked |  0
|2027|0x00000000feb00000, 0x00000000fec00000, 0x00000000fec00000|100%| O|  |TAMS 0x00000000feb00000| PB 0x00000000feb00000| Untracked |  0
|2028|0x00000000fec00000, 0x00000000fed00000, 0x00000000fed00000|100%| O|  |TAMS 0x00000000fec00000| PB 0x00000000fec00000| Untracked |  0
|2029|0x00000000fed00000, 0x00000000fee00000, 0x00000000fee00000|100%| O|  |TAMS 0x00000000fed00000| PB 0x00000000fed00000| Untracked |  0
|2030|0x00000000fee00000, 0x00000000fee00000, 0x00000000fef00000|  0%| F|  |TAMS 0x00000000fee00000| PB 0x00000000fee00000| Untracked |  0
|2031|0x00000000fef00000, 0x00000000ff000000, 0x00000000ff000000|100%| O|  |TAMS 0x00000000fef00000| PB 0x00000000fef00000| Untracked |  0
|2032|0x00000000ff000000, 0x00000000ff000000, 0x00000000ff100000|  0%| F|  |TAMS 0x00000000ff000000| PB 0x00000000ff000000| Untracked |  0
|2033|0x00000000ff100000, 0x00000000ff200000, 0x00000000ff200000|100%| O|  |TAMS 0x00000000ff100000| PB 0x00000000ff100000| Untracked |  0
|2034|0x00000000ff200000, 0x00000000ff200000, 0x00000000ff300000|  0%| F|  |TAMS 0x00000000ff200000| PB 0x00000000ff200000| Untracked |  0
|2035|0x00000000ff300000, 0x00000000ff400000, 0x00000000ff400000|100%| O|  |TAMS 0x00000000ff300000| PB 0x00000000ff300000| Untracked |  0
|2036|0x00000000ff400000, 0x00000000ff500000, 0x00000000ff500000|100%| O|  |TAMS 0x00000000ff400000| PB 0x00000000ff400000| Untracked |  0
|2037|0x00000000ff500000, 0x00000000ff5104a8, 0x00000000ff600000|  6%| E|  |TAMS 0x00000000ff500000| PB 0x00000000ff500000| Complete |  0
|2038|0x00000000ff600000, 0x00000000ff700000, 0x00000000ff700000|100%| E|CS|TAMS 0x00000000ff600000| PB 0x00000000ff600000| Complete |  1
|2039|0x00000000ff700000, 0x00000000ff800000, 0x00000000ff800000|100%| O|  |TAMS 0x00000000ff700000| PB 0x00000000ff700000| Untracked |  0
|2040|0x00000000ff800000, 0x00000000ff900000, 0x00000000ff900000|100%| O|  |TAMS 0x00000000ff800000| PB 0x00000000ff800000| Untracked |  0
|2041|0x00000000ff900000, 0x00000000ffa00000, 0x00000000ffa00000|100%| O|  |TAMS 0x00000000ff900000| PB 0x00000000ff900000| Untracked |  0
|2042|0x00000000ffa00000, 0x00000000ffb00000, 0x00000000ffb00000|100%| O|  |TAMS 0x00000000ffa00000| PB 0x00000000ffa00000| Untracked |  0
|2043|0x00000000ffb00000, 0x00000000ffc00000, 0x00000000ffc00000|100%| O|  |TAMS 0x00000000ffb00000| PB 0x00000000ffb00000| Untracked |  0
|2044|0x00000000ffc00000, 0x00000000ffd00000, 0x00000000ffd00000|100%| O|  |TAMS 0x00000000ffc00000| PB 0x00000000ffc00000| Untracked |  0
|2045|0x00000000ffd00000, 0x00000000ffe00000, 0x00000000ffe00000|100%| O|  |TAMS 0x00000000ffd00000| PB 0x00000000ffd00000| Untracked |  0
|2046|0x00000000ffe00000, 0x00000000fff00000, 0x00000000fff00000|100%| O|  |TAMS 0x00000000ffe00000| PB 0x00000000ffe00000| Untracked |  0
|2047|0x00000000fff00000, 0x0000000100000000, 0x0000000100000000|100%| O|  |TAMS 0x00000000fff00000| PB 0x00000000fff00000| Untracked |  0

Card table byte_map: [0x000001deeac20000,0x000001deeb020000] _byte_map_base: 0x000001deea820000

Marking Bits: (CMBitMap*) 0x000001ded79d1970
 Bits: [0x000001deeb020000, 0x000001deed020000)

Polling page: 0x000001ded55c0000

Metaspace:
Metaspace        used 116761K, committed 119104K, reserved 1179648K
 class space     used 16872K, committed 17984K, reserved 1048576K

Usage:
  Non-class:     97.55 MB used.
      Class:     16.48 MB used.
       Both:    114.02 MB used.

Virtual space:
  Non-class space:      128.00 MB reserved,      98.75 MB ( 77%) committed,  2 nodes.
      Class space:        1.00 GB reserved,      17.56 MB (  2%) committed,  1 nodes.
             Both:        1.12 GB reserved,     116.31 MB ( 10%) committed. 

Chunk freelists:
   Non-Class:  12.94 MB
       Class:  14.28 MB
        Both:  27.22 MB

MaxMetaspaceSize: unlimited
CompressedClassSpaceSize: 1.00 GB
Initial GC threshold: 21.00 MB
Current GC threshold: 185.94 MB
CDS: off
 - commit_granule_bytes: 65536.
 - commit_granule_words: 8192.
 - virtual_space_node_default_size: 8388608.
 - enlarge_chunks_in_place: 1.
UseCompressedClassPointers 1, UseCompactObjectHeaders 0
Narrow klass pointer bits 32, Max shift 3
Narrow klass base: 0x0000000000000000, Narrow klass shift: 0
Encoding Range: [0x0000000000000000 - 0x0000000100000000), (4294967296 bytes)
Klass Range:    [0x000000002f000000 - 0x000000006f000000), (1073741824 bytes)
Klass ID Range:  [788529152 - 1862270969) (1073741817)
No protection zone.


Internal statistics:

num_allocs_failed_limit: 6.
num_arena_births: 4564.
num_arena_deaths: 0.
num_vsnodes_births: 3.
num_vsnodes_deaths: 0.
num_space_committed: 1859.
num_space_uncommitted: 0.
num_chunks_returned_to_freelist: 6.
num_chunks_taken_from_freelist: 9429.
num_chunk_merges: 3.
num_chunk_splits: 6246.
num_chunks_enlarged: 3985.
num_inconsistent_stats: 0.

CodeHeap 'non-profiled nmethods': size=119168Kb used=4975Kb max_used=4975Kb free=114192Kb
 bounds [0x000001dee2a10000, 0x000001dee2ef0000, 0x000001dee9e70000]
CodeHeap 'profiled nmethods': size=119168Kb used=16619Kb max_used=16619Kb free=102548Kb
 bounds [0x000001dedae60000, 0x000001dedbea0000, 0x000001dee22c0000]
CodeHeap 'non-nmethods': size=7488Kb used=2839Kb max_used=4078Kb free=4648Kb
 bounds [0x000001dee22c0000, 0x000001dee26d0000, 0x000001dee2a10000]
CodeCache: size=245824Kb, used=24433Kb, max_used=25672Kb, free=221388Kb
 total_blobs=12255, nmethods=11341, adapters=815, full_count=0
Compilation: enabled, stopped_count=0, restarted_count=0

Compilation events (20 events):
Event: 31.384 Thread 0x000001deefad4c00 nmethod 13808 0x000001dedbe61488 code [0x000001dedbe61580, 0x000001dedbe616d8]
Event: 31.384 Thread 0x000001def8893a30 nmethod 13809 0x000001dedbe61788 code [0x000001dedbe61880, 0x000001dedbe61b00]
Event: 31.384 Thread 0x000001def8893a30 13810       3       com.google.protobuf.DescriptorProtos$FileDescriptorProto::getMessageTypeCount (10 bytes)
Event: 31.384 Thread 0x000001deefad4c00 13811       3       com.google.protobuf.DescriptorProtos$FileDescriptorProto::getMessageType (14 bytes)
Event: 31.384 Thread 0x000001def8893a30 nmethod 13810 0x000001dedbe61b88 code [0x000001dedbe61c80, 0x000001dedbe61e48]
Event: 31.384 Thread 0x000001deefad4c00 nmethod 13811 0x000001dedbe61e88 code [0x000001dedbe61f80, 0x000001dedbe62200]
Event: 31.384 Thread 0x000001def9ab7200 nmethod 13748 0x000001dee2ed8808 code [0x000001dee2ed8900, 0x000001dee2ed9268]
Event: 31.384 Thread 0x000001def9ab7200 13783   !   4       com.google.protobuf.DescriptorProtos$FieldDescriptorProto$Builder::mergeFrom (476 bytes)
Event: 31.384 Thread 0x000001def88909d0 13812       3       com.google.protobuf.DescriptorProtos$DescriptorProto::getNestedType (14 bytes)
Event: 31.384 Thread 0x000001def88909d0 nmethod 13812 0x000001dedbe62288 code [0x000001dedbe62380, 0x000001dedbe62600]
Event: 31.385 Thread 0x000001def8894240 nmethod 13805 0x000001dedbe62688 code [0x000001dedbe62780, 0x000001dedbe64e90]
Event: 31.387 Thread 0x000001def8893a30 13815       3       sun.management.MemoryPoolImpl::getObjectName (10 bytes)
Event: 31.388 Thread 0x000001def8894240 13816       3       sun.management.spi.PlatformMBeanProvider$PlatformComponent$$Lambda/0x000000002f1fd360::test (9 bytes)
Event: 31.388 Thread 0x000001deefad4c00 13817       3       sun.management.spi.PlatformMBeanProvider$PlatformComponent$$Lambda/0x000000002f1fd5f8::apply (9 bytes)
Event: 31.388 Thread 0x000001def88909d0 13819       3       java.util.HashMap$ValueSpliterator::forEachRemaining (186 bytes)
Event: 31.388 Thread 0x000001def8894240 nmethod 13816 0x000001dedbe64f08 code [0x000001dedbe65000, 0x000001dedbe651b0]
Event: 31.388 Thread 0x000001deefad4c00 nmethod 13817 0x000001dedbe65208 code [0x000001dedbe65300, 0x000001dedbe656e8]
Event: 31.388 Thread 0x000001def9ab8220 13818       4       java.util.stream.Collectors$$Lambda/0x000000002f1f8958::accept (14 bytes)
Event: 31.388 Thread 0x000001def88909d0 nmethod 13819 0x000001dedbe65708 code [0x000001dedbe65800, 0x000001dedbe65f80]
Event: 31.388 Thread 0x000001def8893a30 nmethod 13815 0x000001dedbe65f88 code [0x000001dedbe66080, 0x000001dedbe67b68]

GC Heap Usage History (20 events):
Event: 27.728 {heap Before GC invocations=26 (full 0):
 garbage-first heap   total reserved 2097152K, committed 158720K, used 144563K [0x0000000080000000, 0x0000000100000000)
  region size 1024K, 45 young (46080K), 3 survivors (3072K)
}
Event: 27.731 {heap After GC invocations=27 (full 0):
 garbage-first heap   total reserved 2097152K, committed 158720K, used 103431K [0x0000000080000000, 0x0000000100000000)
  region size 1024K, 5 young (5120K), 5 survivors (5120K)
}
Event: 28.186 {heap Before GC invocations=28 (full 0):
 garbage-first heap   total reserved 2097152K, committed 174080K, used 146439K [0x0000000080000000, 0x0000000100000000)
  region size 1024K, 47 young (48128K), 5 survivors (5120K)
}
Event: 28.191 {heap After GC invocations=29 (full 0):
 garbage-first heap   total reserved 2097152K, committed 174080K, used 107796K [0x0000000080000000, 0x0000000100000000)
  region size 1024K, 6 young (6144K), 6 survivors (6144K)
}
Event: 28.312 {heap Before GC invocations=29 (full 0):
 garbage-first heap   total reserved 2097152K, committed 174080K, used 158996K [0x0000000080000000, 0x0000000100000000)
  region size 1024K, 57 young (58368K), 6 survivors (6144K)
}
Event: 28.317 {heap After GC invocations=30 (full 0):
 garbage-first heap   total reserved 2097152K, committed 174080K, used 109942K [0x0000000080000000, 0x0000000100000000)
  region size 1024K, 4 young (4096K), 4 survivors (4096K)
}
Event: 28.462 {heap Before GC invocations=30 (full 0):
 garbage-first heap   total reserved 2097152K, committed 174080K, used 160118K [0x0000000080000000, 0x0000000100000000)
  region size 1024K, 54 young (55296K), 4 survivors (4096K)
}
Event: 28.465 {heap After GC invocations=31 (full 0):
 garbage-first heap   total reserved 2097152K, committed 174080K, used 111324K [0x0000000080000000, 0x0000000100000000)
  region size 1024K, 6 young (6144K), 6 survivors (6144K)
}
Event: 28.886 {heap Before GC invocations=32 (full 0):
 garbage-first heap   total reserved 2097152K, committed 188416K, used 160476K [0x0000000080000000, 0x0000000100000000)
  region size 1024K, 55 young (56320K), 6 survivors (6144K)
}
Event: 28.889 {heap After GC invocations=33 (full 0):
 garbage-first heap   total reserved 2097152K, committed 188416K, used 112865K [0x0000000080000000, 0x0000000100000000)
  region size 1024K, 5 young (5120K), 5 survivors (5120K)
}
Event: 29.418 {heap Before GC invocations=33 (full 0):
 garbage-first heap   total reserved 2097152K, committed 188416K, used 176353K [0x0000000080000000, 0x0000000100000000)
  region size 1024K, 67 young (68608K), 5 survivors (5120K)
}
Event: 29.423 {heap After GC invocations=34 (full 0):
 garbage-first heap   total reserved 2097152K, committed 188416K, used 113161K [0x0000000080000000, 0x0000000100000000)
  region size 1024K, 7 young (7168K), 7 survivors (7168K)
}
Event: 29.504 {heap Before GC invocations=34 (full 0):
 garbage-first heap   total reserved 2097152K, committed 188416K, used 121353K [0x0000000080000000, 0x0000000100000000)
  region size 1024K, 16 young (16384K), 7 survivors (7168K)
}
Event: 29.508 {heap After GC invocations=35 (full 0):
 garbage-first heap   total reserved 2097152K, committed 188416K, used 115130K [0x0000000080000000, 0x0000000100000000)
  region size 1024K, 6 young (6144K), 6 survivors (6144K)
}
Event: 29.936 {heap Before GC invocations=36 (full 0):
 garbage-first heap   total reserved 2097152K, committed 201728K, used 180666K [0x0000000080000000, 0x0000000100000000)
  region size 1024K, 65 young (66560K), 6 survivors (6144K)
}
Event: 29.940 {heap After GC invocations=37 (full 0):
 garbage-first heap   total reserved 2097152K, committed 201728K, used 121348K [0x0000000080000000, 0x0000000100000000)
  region size 1024K, 9 young (9216K), 9 survivors (9216K)
}
Event: 30.410 {heap Before GC invocations=37 (full 0):
 garbage-first heap   total reserved 2097152K, committed 201728K, used 185860K [0x0000000080000000, 0x0000000100000000)
  region size 1024K, 72 young (73728K), 9 survivors (9216K)
}
Event: 30.416 {heap After GC invocations=38 (full 0):
 garbage-first heap   total reserved 2097152K, committed 202752K, used 124593K [0x0000000080000000, 0x0000000100000000)
  region size 1024K, 5 young (5120K), 5 survivors (5120K)
}
Event: 30.958 {heap Before GC invocations=38 (full 0):
 garbage-first heap   total reserved 2097152K, committed 202752K, used 187057K [0x0000000080000000, 0x0000000100000000)
  region size 1024K, 66 young (67584K), 5 survivors (5120K)
}
Event: 30.961 {heap After GC invocations=39 (full 0):
 garbage-first heap   total reserved 2097152K, committed 202752K, used 126314K [0x0000000080000000, 0x0000000100000000)
  region size 1024K, 7 young (7168K), 7 survivors (7168K)
}

Metaspace Usage History (20 events):
Event: 27.728 {metaspace Before GC invocations=26 (full 0):
 Metaspace       used 87659K, committed 89792K, reserved 1179648K
  class space    used 12876K, committed 13888K, reserved 1048576K
}
Event: 27.731 {metaspace After GC invocations=27 (full 0):
 Metaspace       used 87659K, committed 89792K, reserved 1179648K
  class space    used 12876K, committed 13888K, reserved 1048576K
}
Event: 28.186 {metaspace Before GC invocations=28 (full 0):
 Metaspace       used 89875K, committed 92096K, reserved 1179648K
  class space    used 13219K, committed 14272K, reserved 1048576K
}
Event: 28.191 {metaspace After GC invocations=29 (full 0):
 Metaspace       used 89875K, committed 92096K, reserved 1179648K
  class space    used 13219K, committed 14272K, reserved 1048576K
}
Event: 28.312 {metaspace Before GC invocations=29 (full 0):
 Metaspace       used 90062K, committed 92288K, reserved 1179648K
  class space    used 13220K, committed 14272K, reserved 1048576K
}
Event: 28.317 {metaspace After GC invocations=30 (full 0):
 Metaspace       used 90062K, committed 92288K, reserved 1179648K
  class space    used 13220K, committed 14272K, reserved 1048576K
}
Event: 28.462 {metaspace Before GC invocations=30 (full 0):
 Metaspace       used 90252K, committed 92480K, reserved 1179648K
  class space    used 13251K, committed 14272K, reserved 1048576K
}
Event: 28.465 {metaspace After GC invocations=31 (full 0):
 Metaspace       used 90252K, committed 92480K, reserved 1179648K
  class space    used 13251K, committed 14272K, reserved 1048576K
}
Event: 28.886 {metaspace Before GC invocations=32 (full 0):
 Metaspace       used 94128K, committed 96384K, reserved 1179648K
  class space    used 13748K, committed 14784K, reserved 1048576K
}
Event: 28.889 {metaspace After GC invocations=33 (full 0):
 Metaspace       used 94128K, committed 96384K, reserved 1179648K
  class space    used 13748K, committed 14784K, reserved 1048576K
}
Event: 29.418 {metaspace Before GC invocations=33 (full 0):
 Metaspace       used 99509K, committed 101760K, reserved 1179648K
  class space    used 14476K, committed 15552K, reserved 1048576K
}
Event: 29.423 {metaspace After GC invocations=34 (full 0):
 Metaspace       used 99509K, committed 101760K, reserved 1179648K
  class space    used 14476K, committed 15552K, reserved 1048576K
}
Event: 29.504 {metaspace Before GC invocations=34 (full 0):
 Metaspace       used 100817K, committed 103168K, reserved 1179648K
  class space    used 14642K, committed 15744K, reserved 1048576K
}
Event: 29.508 {metaspace After GC invocations=35 (full 0):
 Metaspace       used 100817K, committed 103168K, reserved 1179648K
  class space    used 14642K, committed 15744K, reserved 1048576K
}
Event: 29.936 {metaspace Before GC invocations=36 (full 0):
 Metaspace       used 103857K, committed 106176K, reserved 1179648K
  class space    used 15078K, committed 16128K, reserved 1048576K
}
Event: 29.940 {metaspace After GC invocations=37 (full 0):
 Metaspace       used 103857K, committed 106176K, reserved 1179648K
  class space    used 15078K, committed 16128K, reserved 1048576K
}
Event: 30.410 {metaspace Before GC invocations=37 (full 0):
 Metaspace       used 107696K, committed 110016K, reserved 1179648K
  class space    used 15604K, committed 16704K, reserved 1048576K
}
Event: 30.416 {metaspace After GC invocations=38 (full 0):
 Metaspace       used 107696K, committed 110016K, reserved 1179648K
  class space    used 15604K, committed 16704K, reserved 1048576K
}
Event: 30.958 {metaspace Before GC invocations=38 (full 0):
 Metaspace       used 111735K, committed 114048K, reserved 1179648K
  class space    used 16318K, committed 17408K, reserved 1048576K
}
Event: 30.961 {metaspace After GC invocations=39 (full 0):
 Metaspace       used 111735K, committed 114048K, reserved 1179648K
  class space    used 16318K, committed 17408K, reserved 1048576K
}

Dll operation events (3 events):
Event: 0.009 Loaded shared library C:\Program Files\Android\Android Studio\jbr\bin\java.dll
Event: 0.013 Loaded shared library C:\Program Files\Android\Android Studio\jbr\bin\zip.dll
Event: 0.632 Loaded shared library C:\Program Files\Android\Android Studio\jbr\bin\verify.dll

Deoptimization events (20 events):
Event: 31.190 Thread 0x000001def72de820 Uncommon trap: trap_request=0xffffffd6 fr.pc=0x000001dee2d9afd8 relative=0x0000000000000f58
Event: 31.190 Thread 0x000001def72de820 Uncommon trap: reason=array_check action=maybe_recompile pc=0x000001dee2d9afd8 method=java.util.TimSort.reverseRange([Ljava/lang/Object;II)V @ 27 c2
Event: 31.190 Thread 0x000001def72de820 DEOPT PACKING pc=0x000001dee2d9afd8 sp=0x000000188d3f5d60
Event: 31.190 Thread 0x000001def72de820 DEOPT UNPACKING pc=0x000001dee23e7e02 sp=0x000000188d3f5bd8 mode 2
Event: 31.214 Thread 0x000001def72de820 Uncommon trap: trap_request=0xffffff45 fr.pc=0x000001dee2ed6280 relative=0x0000000000000080
Event: 31.214 Thread 0x000001def72de820 Uncommon trap: reason=unstable_if action=reinterpret pc=0x000001dee2ed6280 method=java.lang.StringConcatHelper.stringOf(Ljava/lang/Object;)Ljava/lang/String; @ 1 c2
Event: 31.214 Thread 0x000001def72de820 DEOPT PACKING pc=0x000001dee2ed6280 sp=0x000000188d3f6250
Event: 31.214 Thread 0x000001def72de820 DEOPT UNPACKING pc=0x000001dee23e7e02 sp=0x000000188d3f61e8 mode 2
Event: 31.249 Thread 0x000001def72de820 Uncommon trap: trap_request=0xfffffff4 fr.pc=0x000001dee2ed4e3c relative=0x00000000000001bc
Event: 31.249 Thread 0x000001def72de820 Uncommon trap: reason=null_check action=make_not_entrant pc=0x000001dee2ed4e3c method=org.gradle.internal.instantiation.generator.AbstractClassGenerator.isPropertyType(Ljava/lang/Class;)Z @ 24 c2
Event: 31.249 Thread 0x000001def72de820 DEOPT PACKING pc=0x000001dee2ed4e3c sp=0x000000188d3f5d40
Event: 31.249 Thread 0x000001def72de820 DEOPT UNPACKING pc=0x000001dee23e7e02 sp=0x000000188d3f5cc0 mode 2
Event: 31.332 Thread 0x000001def72de820 Uncommon trap: trap_request=0xfffffff4 fr.pc=0x000001dee2ed5d64 relative=0x0000000000000164
Event: 31.332 Thread 0x000001def72de820 Uncommon trap: reason=null_check action=make_not_entrant pc=0x000001dee2ed5d64 method=org.gradle.tooling.internal.provider.runner.ClientBuildEventGenerator$Disabled.accept(Lorg/gradle/internal/operations/BuildOperationDescriptor;)Lorg/gradle/tooling/inter
Event: 31.332 Thread 0x000001def72de820 DEOPT PACKING pc=0x000001dee2ed5d64 sp=0x000000188d3f7480
Event: 31.332 Thread 0x000001def72de820 DEOPT UNPACKING pc=0x000001dee23e7e02 sp=0x000000188d3f7408 mode 2
Event: 31.382 Thread 0x000001def72de820 Uncommon trap: trap_request=0xffffff45 fr.pc=0x000001dee2d91a98 relative=0x0000000000000118
Event: 31.382 Thread 0x000001def72de820 Uncommon trap: reason=unstable_if action=reinterpret pc=0x000001dee2d91a98 method=com.google.protobuf.DescriptorProtos$FieldDescriptorProto$Type.forNumber(I)Lcom/google/protobuf/DescriptorProtos$FieldDescriptorProto$Type; @ 1 c2
Event: 31.382 Thread 0x000001def72de820 DEOPT PACKING pc=0x000001dee2d91a98 sp=0x000000188d3f52c0
Event: 31.382 Thread 0x000001def72de820 DEOPT UNPACKING pc=0x000001dee23e7e02 sp=0x000000188d3f5248 mode 2

Classes loaded (20 events):
Event: 29.497 Loading class sun/security/util/ManifestEntryVerifier$SunProviderHolder
Event: 29.497 Loading class sun/security/util/ManifestEntryVerifier$SunProviderHolder done
Event: 29.523 Loading class sun/security/util/MemoryCache$QueueCacheEntry
Event: 29.523 Loading class sun/security/util/MemoryCache$QueueCacheEntry done
Event: 29.958 Loading class javax/xml/stream/XMLStreamException
Event: 29.958 Loading class javax/xml/stream/XMLStreamException done
Event: 30.509 Loading class java/util/stream/ReferencePipeline$4
Event: 30.509 Loading class java/util/stream/IntPipeline$StatelessOp
Event: 30.509 Loading class java/util/stream/IntPipeline$StatelessOp done
Event: 30.509 Loading class java/util/stream/ReferencePipeline$4 done
Event: 30.509 Loading class java/util/stream/ReduceOps$6
Event: 30.509 Loading class java/util/stream/ReduceOps$6 done
Event: 30.509 Loading class java/util/stream/ReduceOps$5ReducingSink
Event: 30.509 Loading class java/util/stream/ReduceOps$5ReducingSink done
Event: 30.509 Loading class java/util/stream/ReferencePipeline$4$1
Event: 30.509 Loading class java/util/stream/ReferencePipeline$4$1 done
Event: 30.852 Loading class java/util/Stack
Event: 30.852 Loading class java/util/Stack done
Event: 31.327 Loading class java/lang/AbstractMethodError
Event: 31.327 Loading class java/lang/AbstractMethodError done

Classes unloaded (0 events):
No events

Classes redefined (0 events):
No events

Internal exceptions (20 events):
Event: 31.366 Thread 0x000001def72de820 Exception <a 'sun/nio/fs/WindowsException'{0x0000000088d95418}> (0x0000000088d95418) 
thrown [s\src\hotspot\share\prims\jni.cpp, line 535]
Event: 31.367 Thread 0x000001def72de820 Exception <a 'sun/nio/fs/WindowsException'{0x0000000088df6748}> (0x0000000088df6748) 
thrown [s\src\hotspot\share\prims\jni.cpp, line 535]
Event: 31.367 Thread 0x000001def72de820 Exception <a 'sun/nio/fs/WindowsException'{0x0000000088c1a038}> (0x0000000088c1a038) 
thrown [s\src\hotspot\share\prims\jni.cpp, line 535]
Event: 31.370 Thread 0x000001def72de820 Exception <a 'sun/nio/fs/WindowsException'{0x0000000088c7a730}> (0x0000000088c7a730) 
thrown [s\src\hotspot\share\prims\jni.cpp, line 535]
Event: 31.371 Thread 0x000001def72de820 Exception <a 'sun/nio/fs/WindowsException'{0x0000000088c879e0}> (0x0000000088c879e0) 
thrown [s\src\hotspot\share\prims\jni.cpp, line 535]
Event: 31.372 Thread 0x000001def72de820 Exception <a 'sun/nio/fs/WindowsException'{0x0000000088c9d028}> (0x0000000088c9d028) 
thrown [s\src\hotspot\share\prims\jni.cpp, line 535]
Event: 31.372 Thread 0x000001def72de820 Exception <a 'sun/nio/fs/WindowsException'{0x0000000088ccad50}> (0x0000000088ccad50) 
thrown [s\src\hotspot\share\prims\jni.cpp, line 535]
Event: 31.376 Thread 0x000001def72de820 Exception <a 'sun/nio/fs/WindowsException'{0x0000000088bbd5d8}> (0x0000000088bbd5d8) 
thrown [s\src\hotspot\share\prims\jni.cpp, line 535]
Event: 31.376 Thread 0x000001def72de820 Exception <a 'sun/nio/fs/WindowsException'{0x0000000088bd2e28}> (0x0000000088bd2e28) 
thrown [s\src\hotspot\share\prims\jni.cpp, line 535]
Event: 31.378 Thread 0x000001def72de820 Exception <a 'sun/nio/fs/WindowsException'{0x0000000088a303b0}> (0x0000000088a303b0) 
thrown [s\src\hotspot\share\prims\jni.cpp, line 535]
Event: 31.379 Thread 0x000001def72de820 Exception <a 'sun/nio/fs/WindowsException'{0x0000000088a457d8}> (0x0000000088a457d8) 
thrown [s\src\hotspot\share\prims\jni.cpp, line 535]
Event: 31.385 Thread 0x000001def72de820 Exception <a 'sun/nio/fs/WindowsException'{0x00000000889db658}> (0x00000000889db658) 
thrown [s\src\hotspot\share\prims\jni.cpp, line 535]
Event: 31.386 Thread 0x000001def72de820 Exception <a 'sun/nio/fs/WindowsException'{0x00000000889e6bc8}> (0x00000000889e6bc8) 
thrown [s\src\hotspot\share\prims\jni.cpp, line 535]
Event: 31.386 Thread 0x000001def72de820 Exception <a 'sun/nio/fs/WindowsException'{0x00000000889f2b30}> (0x00000000889f2b30) 
thrown [s\src\hotspot\share\prims\jni.cpp, line 535]
Event: 31.387 Thread 0x000001def72de820 Exception <a 'sun/nio/fs/WindowsException'{0x0000000088802288}> (0x0000000088802288) 
thrown [s\src\hotspot\share\prims\jni.cpp, line 535]
Event: 31.387 Thread 0x000001def72de820 Exception <a 'sun/nio/fs/WindowsException'{0x000000008880dbd8}> (0x000000008880dbd8) 
thrown [s\src\hotspot\share\prims\jni.cpp, line 535]
Event: 31.387 Thread 0x000001def72de820 Exception <a 'sun/nio/fs/WindowsException'{0x0000000088819528}> (0x0000000088819528) 
thrown [s\src\hotspot\share\prims\jni.cpp, line 535]
Event: 31.387 Thread 0x000001def72de820 Exception <a 'sun/nio/fs/WindowsException'{0x0000000088824e70}> (0x0000000088824e70) 
thrown [s\src\hotspot\share\prims\jni.cpp, line 535]
Event: 31.388 Thread 0x000001def72de820 Exception <a 'sun/nio/fs/WindowsException'{0x0000000088830808}> (0x0000000088830808) 
thrown [s\src\hotspot\share\prims\jni.cpp, line 535]
Event: 31.388 Thread 0x000001def72de820 Exception <a 'sun/nio/fs/WindowsException'{0x000000008883e1c0}> (0x000000008883e1c0) 
thrown [s\src\hotspot\share\prims\jni.cpp, line 535]

VM Operations (20 events):
Event: 29.487 Executing non-safepoint VM operation: HandshakeAllThreads (Deoptimize)
Event: 29.487 Executing non-safepoint VM operation: HandshakeAllThreads (Deoptimize) done
Event: 29.504 Executing safepoint VM operation: G1TryInitiateConcMark (G1 Humongous Allocation)
Event: 29.508 Executing safepoint VM operation: G1TryInitiateConcMark (G1 Humongous Allocation) done
Event: 29.535 Executing safepoint VM operation: G1PauseRemark
Event: 29.540 Executing safepoint VM operation: G1PauseRemark done
Event: 29.550 Executing safepoint VM operation: G1PauseCleanup
Event: 29.550 Executing safepoint VM operation: G1PauseCleanup done
Event: 29.936 Executing safepoint VM operation: G1CollectForAllocation (G1 Evacuation Pause)
Event: 29.940 Executing safepoint VM operation: G1CollectForAllocation (G1 Evacuation Pause) done
Event: 30.410 Executing safepoint VM operation: G1CollectForAllocation (G1 Evacuation Pause)
Event: 30.416 Executing safepoint VM operation: G1CollectForAllocation (G1 Evacuation Pause) done
Event: 30.851 Executing non-safepoint VM operation: HandshakeAllThreads (Deoptimize)
Event: 30.852 Executing non-safepoint VM operation: HandshakeAllThreads (Deoptimize) done
Event: 30.958 Executing safepoint VM operation: G1CollectForAllocation (G1 Evacuation Pause)
Event: 30.961 Executing safepoint VM operation: G1CollectForAllocation (G1 Evacuation Pause) done
Event: 30.988 Executing safepoint VM operation: G1PauseRemark
Event: 30.991 Executing safepoint VM operation: G1PauseRemark done
Event: 31.002 Executing safepoint VM operation: G1PauseCleanup
Event: 31.002 Executing safepoint VM operation: G1PauseCleanup done

Memory protections (0 events):
No events

Nmethod flushes (20 events):
Event: 30.990 Thread 0x000001deefc3ebf0 flushing  nmethod 0x000001dedb7a1508
Event: 30.990 Thread 0x000001deefc3ebf0 flushing  nmethod 0x000001dedb8a5508
Event: 30.990 Thread 0x000001deefc3ebf0 flushing  nmethod 0x000001dedb9a4788
Event: 30.990 Thread 0x000001deefc3ebf0 flushing  nmethod 0x000001dedb9a5488
Event: 30.990 Thread 0x000001deefc3ebf0 flushing  nmethod 0x000001dedbd24c08
Event: 30.990 Thread 0x000001deefc3ebf0 flushing  nmethod 0x000001dee2bd3d08
Event: 30.990 Thread 0x000001deefc3ebf0 flushing  nmethod 0x000001dee2c43d08
Event: 30.990 Thread 0x000001deefc3ebf0 flushing  nmethod 0x000001dee2d16d88
Event: 30.990 Thread 0x000001deefc3ebf0 flushing  nmethod 0x000001dedafeee08
Event: 30.990 Thread 0x000001deefc3ebf0 flushing  nmethod 0x000001dedb155c08
Event: 30.990 Thread 0x000001deefc3ebf0 flushing  nmethod 0x000001dedb245408
Event: 30.990 Thread 0x000001deefc3ebf0 flushing  nmethod 0x000001dedb2b9d88
Event: 30.990 Thread 0x000001deefc3ebf0 flushing  nmethod 0x000001dedb948088
Event: 30.990 Thread 0x000001deefc3ebf0 flushing  nmethod 0x000001dedb94d288
Event: 30.990 Thread 0x000001deefc3ebf0 flushing  nmethod 0x000001dedbaa2d88
Event: 30.990 Thread 0x000001deefc3ebf0 flushing  nmethod 0x000001dedbb35108
Event: 30.990 Thread 0x000001deefc3ebf0 flushing  nmethod 0x000001dedbcde808
Event: 30.990 Thread 0x000001deefc3ebf0 flushing  nmethod 0x000001dedaf06488
Event: 30.990 Thread 0x000001deefc3ebf0 flushing  nmethod 0x000001dedb056288
Event: 30.990 Thread 0x000001deefc3ebf0 flushing  nmethod 0x000001dedb058e88

Events (20 events):
Event: 26.911 Thread 0x000001def72de820 Thread added: 0x000001de84c0d5a0
Event: 26.911 Thread 0x000001def72de820 Thread added: 0x000001de84c10480
Event: 26.912 Thread 0x000001def72de820 Thread added: 0x000001de84c10c50
Event: 26.912 Thread 0x000001def72de820 Thread added: 0x000001de84c11420
Event: 26.912 Thread 0x000001def72de820 Thread added: 0x000001de84c0dd70
Event: 26.912 Thread 0x000001def72de820 Thread added: 0x000001de84c14300
Event: 26.913 Thread 0x000001def72de820 Thread added: 0x000001de84c152a0
Event: 26.913 Thread 0x000001def72de820 Thread added: 0x000001de84c15a70
Event: 28.292 Thread 0x000001deefad4c00 Thread added: 0x000001de84431600
Event: 28.677 Thread 0x000001de84431600 Thread exited: 0x000001de84431600
Event: 28.726 Thread 0x000001def9ee3f00 Thread exited: 0x000001def9ee3f00
Event: 28.891 Thread 0x000001def9ee6f60 Thread exited: 0x000001def9ee6f60
Event: 29.379 Thread 0x000001def88919f0 Thread exited: 0x000001def88919f0
Event: 29.450 Thread 0x000001def8893a30 Thread added: 0x000001de84431600
Event: 29.460 Thread 0x000001de84431600 Thread added: 0x000001de844376c0
Event: 30.994 Thread 0x000001de844376c0 Thread exited: 0x000001de844376c0
Event: 30.995 Thread 0x000001de84431600 Thread exited: 0x000001de84431600
Event: 31.376 Thread 0x000001def88909d0 Thread added: 0x000001def9ab9240
Event: 31.376 Thread 0x000001def88909d0 Thread added: 0x000001def9ab7200
Event: 31.388 Thread 0x000001def8894240 Thread added: 0x000001def9ab8220


Dynamic libraries:
0x00007ff6d2c20000 - 0x00007ff6d2c2a000 	C:\Program Files\Android\Android Studio\jbr\bin\java.exe
0x00007fffec2a0000 - 0x00007fffec506000 	C:\Windows\SYSTEM32\ntdll.dll
0x00007fffea0f0000 - 0x00007fffea1b9000 	C:\Windows\System32\KERNEL32.DLL
0x00007fffe94b0000 - 0x00007fffe98af000 	C:\Windows\System32\KERNELBASE.dll
0x00007fffe9dc0000 - 0x00007fffe9f0c000 	C:\Windows\System32\ucrtbase.dll
0x00007fffe5d60000 - 0x00007fffe5d76000 	C:\Program Files\Android\Android Studio\jbr\bin\jli.dll
0x00007fffe3ba0000 - 0x00007fffe3bbb000 	C:\Program Files\Android\Android Studio\jbr\bin\VCRUNTIME140.dll
0x00007fffec090000 - 0x00007fffec256000 	C:\Windows\System32\USER32.dll
0x00007fffe9cd0000 - 0x00007fffe9cf7000 	C:\Windows\System32\win32u.dll
0x00007fffc2c30000 - 0x00007fffc2ec1000 	C:\Windows\WinSxS\amd64_microsoft.windows.common-controls_6595b64144ccf1df_6.0.26100.8972_none_3e0da176e32f9d4b\COMCTL32.dll
0x00007fffea6b0000 - 0x00007fffea6db000 	C:\Windows\System32\GDI32.dll
0x00007fffeb660000 - 0x00007fffeb709000 	C:\Windows\System32\msvcrt.dll
0x00007fffe98c0000 - 0x00007fffe99e9000 	C:\Windows\System32\gdi32full.dll
0x00007fffe9f20000 - 0x00007fffe9fc3000 	C:\Windows\System32\msvcp_win.dll
0x00007fffeb620000 - 0x00007fffeb652000 	C:\Windows\System32\IMM32.DLL
0x00007fffe3b10000 - 0x00007fffe3b1c000 	C:\Program Files\Android\Android Studio\jbr\bin\vcruntime140_1.dll
0x00007fffd24c0000 - 0x00007fffd254d000 	C:\Program Files\Android\Android Studio\jbr\bin\msvcp140.dll
0x00007fffd08a0000 - 0x00007fffd177d000 	C:\Program Files\Android\Android Studio\jbr\bin\server\jvm.dll
0x00007fffebfc0000 - 0x00007fffec07c000 	C:\Windows\System32\ADVAPI32.dll
0x00007fffea040000 - 0x00007fffea0ea000 	C:\Windows\System32\sechost.dll
0x00007fffeb810000 - 0x00007fffeb928000 	C:\Windows\System32\RPCRT4.dll
0x00007fffeb210000 - 0x00007fffeb292000 	C:\Windows\System32\WS2_32.dll
0x00007fffe9310000 - 0x00007fffe936e000 	C:\Windows\SYSTEM32\POWRPROF.dll
0x00007fffd4480000 - 0x00007fffd44b6000 	C:\Windows\SYSTEM32\WINMM.dll
0x00007fffe2340000 - 0x00007fffe234b000 	C:\Windows\SYSTEM32\VERSION.dll
0x00007fffe92f0000 - 0x00007fffe9305000 	C:\Windows\SYSTEM32\UMPDC.dll
0x00007fffe81a0000 - 0x00007fffe81bb000 	C:\Windows\SYSTEM32\kernel.appcore.dll
0x00007fffe3b00000 - 0x00007fffe3b0a000 	C:\Program Files\Android\Android Studio\jbr\bin\jimage.dll
0x00007fffe6a60000 - 0x00007fffe6ca2000 	C:\Windows\SYSTEM32\DBGHELP.DLL
0x00007fffebc30000 - 0x00007fffebfb5000 	C:\Windows\System32\combase.dll
0x00007fffeb030000 - 0x00007fffeb109000 	C:\Windows\System32\OLEAUT32.dll
0x00007fffd6800000 - 0x00007fffd683b000 	C:\Windows\SYSTEM32\dbgcore.DLL
0x00007fffe9c10000 - 0x00007fffe9cbc000 	C:\Windows\System32\bcryptPrimitives.dll
0x00007fffd27a0000 - 0x00007fffd27ae000 	C:\Program Files\Android\Android Studio\jbr\bin\instrument.dll
0x00007fffd2780000 - 0x00007fffd279e000 	C:\Program Files\Android\Android Studio\jbr\bin\java.dll
0x00007fffeb480000 - 0x00007fffeb619000 	C:\Windows\System32\ole32.dll
0x00007fffea6e0000 - 0x00007fffeae68000 	C:\Windows\System32\SHELL32.dll
0x00007fffd2760000 - 0x00007fffd2776000 	C:\Program Files\Android\Android Studio\jbr\bin\zip.dll
0x00007fffe6f80000 - 0x00007fffe781b000 	C:\Windows\SYSTEM32\windows.storage.dll
0x00007fffeb110000 - 0x00007fffeb209000 	C:\Windows\System32\SHCORE.dll
0x00007fffeafb0000 - 0x00007fffeb016000 	C:\Windows\System32\shlwapi.dll
0x00007fffe93d0000 - 0x00007fffe93f9000 	C:\Windows\SYSTEM32\profapi.dll
0x00007fffd2750000 - 0x00007fffd2760000 	C:\Program Files\Android\Android Studio\jbr\bin\net.dll
0x00007fffe8750000 - 0x00007fffe87bc000 	C:\Windows\system32\mswsock.dll
0x00007fffd2730000 - 0x00007fffd2746000 	C:\Program Files\Android\Android Studio\jbr\bin\nio.dll
0x00007fffd2270000 - 0x00007fffd2280000 	C:\Program Files\Android\Android Studio\jbr\bin\verify.dll
0x00007fffd2240000 - 0x00007fffd2267000 	C:\Users\ABDUL\.gradle\native\660c5614fbf4a5f2a75b1949f50a0caf5cd603558e7d8a26e50b933a0cfb79d1\windows-amd64\native-platform.dll
0x00007fff9aad0000 - 0x00007fff9ab47000 	C:\Users\ABDUL\.gradle\native\0.2.8\x86_64-windows-gnu\gradle-fileevents.dll
0x00007fffd22c0000 - 0x00007fffd22c9000 	C:\Program Files\Android\Android Studio\jbr\bin\management.dll
0x00007fffd22b0000 - 0x00007fffd22bb000 	C:\Program Files\Android\Android Studio\jbr\bin\management_ext.dll
0x00007fffeb930000 - 0x00007fffeb938000 	C:\Windows\System32\PSAPI.DLL
0x00007fffe7b50000 - 0x00007fffe7b83000 	C:\Windows\SYSTEM32\IPHLPAPI.DLL
0x00007fffeb020000 - 0x00007fffeb02a000 	C:\Windows\System32\NSI.dll
0x00007fffd2320000 - 0x00007fffd2329000 	C:\Program Files\Android\Android Studio\jbr\bin\extnet.dll
0x00007fffe8a60000 - 0x00007fffe8a7b000 	C:\Windows\SYSTEM32\CRYPTSP.dll
0x00007fffe8100000 - 0x00007fffe8139000 	C:\Windows\system32\rsaenh.dll
0x00007fffe8800000 - 0x00007fffe8832000 	C:\Windows\SYSTEM32\USERENV.dll
0x00007fffe93a0000 - 0x00007fffe93ca000 	C:\Windows\SYSTEM32\bcrypt.dll
0x00007fffe8a40000 - 0x00007fffe8a4c000 	C:\Windows\SYSTEM32\CRYPTBASE.dll
0x00007fff1efb0000 - 0x00007fff1efb8000 	C:\Windows\system32\wshunix.dll

JVMTI agents:
C:\Users\ABDUL\.gradle\wrapper\dists\gradle-9.6.0-bin\42k10rwplmzkhuboz9kdazi7s\gradle-9.6.0\lib\agents\gradle-instrumentation-agent-9.6.0.jar path:C:\Program Files\Android\Android Studio\jbr\bin\instrument.dll, loaded, initialized, instrumentlib options:none

dbghelp: loaded successfully - version: 4.0.5 - missing functions: none
symbol engine: initialized successfully - sym options: 0x614 - pdb path: .;C:\Program Files\Android\Android Studio\jbr\bin;C:\Windows\SYSTEM32;C:\Windows\WinSxS\amd64_microsoft.windows.common-controls_6595b64144ccf1df_6.0.26100.8972_none_3e0da176e32f9d4b;C:\Program Files\Android\Android Studio\jbr\bin\server;C:\Users\ABDUL\.gradle\native\660c5614fbf4a5f2a75b1949f50a0caf5cd603558e7d8a26e50b933a0cfb79d1\windows-amd64;C:\Users\ABDUL\.gradle\native\0.2.8\x86_64-windows-gnu

VM Arguments:
jvm_args: --add-opens=java.base/java.lang=ALL-UNNAMED --add-opens=java.base/java.lang.invoke=ALL-UNNAMED --add-opens=java.base/java.util=ALL-UNNAMED --add-opens=java.prefs/java.util.prefs=ALL-UNNAMED --add-exports=jdk.compiler/com.sun.tools.javac.api=ALL-UNNAMED --add-exports=jdk.compiler/com.sun.tools.javac.util=ALL-UNNAMED --add-opens=java.base/java.nio.charset=ALL-UNNAMED --add-opens=java.base/java.net=ALL-UNNAMED --add-opens=java.base/java.util.concurrent=ALL-UNNAMED --add-opens=java.base/java.util.concurrent.atomic=ALL-UNNAMED --add-opens=java.xml/javax.xml.namespace=ALL-UNNAMED --add-opens=java.base/java.time=ALL-UNNAMED --enable-native-access=ALL-UNNAMED -Xmx2048m -Dfile.encoding=UTF-8 -Duser.country=BO -Duser.language=es -Duser.variant -javaagent:C:\Users\ABDUL\.gradle\wrapper\dists\gradle-9.6.0-bin\42k10rwplmzkhuboz9kdazi7s\gradle-9.6.0\lib\agents\gradle-instrumentation-agent-9.6.0.jar 
java_command: org.gradle.launcher.daemon.bootstrap.GradleDaemon 9.6.0
java_class_path (initial): C:\Users\ABDUL\.gradle\wrapper\dists\gradle-9.6.0-bin\42k10rwplmzkhuboz9kdazi7s\gradle-9.6.0\lib\gradle-daemon-main-9.6.0.jar
Launcher Type: SUN_STANDARD

[Global flags]
     intx CICompilerCount                          = 12                                        {product} {ergonomic}
     uint ConcGCThreads                            = 3                                         {product} {ergonomic}
     uint G1ConcRefinementThreads                  = 13                                        {product} {ergonomic}
   size_t G1HeapRegionSize                         = 1048576                                   {product} {ergonomic}
   size_t InitialHeapSize                          = 264241152                                 {product} {ergonomic}
   size_t MarkStackSize                            = 4194304                                   {product} {ergonomic}
   size_t MarkStackSizeMax                         = 536870912                                 {product} {ergonomic}
   size_t MaxHeapSize                              = 2147483648                                {product} {command line}
   size_t MaxNewSize                               = 1287651328                                {product} {ergonomic}
   size_t MinHeapDeltaBytes                        = 1048576                                   {product} {ergonomic}
   size_t MinHeapSize                              = 8388608                                   {product} {ergonomic}
    uintx NonNMethodCodeHeapSize                   = 7667712                                {pd product} {ergonomic}
    uintx NonProfiledCodeHeapSize                  = 122028032                              {pd product} {ergonomic}
    uintx ProfiledCodeHeapSize                     = 122028032                              {pd product} {ergonomic}
    uintx ReservedCodeCacheSize                    = 251723776                              {pd product} {ergonomic}
     bool SegmentedCodeCache                       = true                                      {product} {ergonomic}
   size_t SoftMaxHeapSize                          = 2147483648                             {manageable} {ergonomic}
     bool UseCompressedOops                        = true                           {product lp64_product} {ergonomic}
     bool UseG1GC                                  = true                                      {product} {ergonomic}
     bool UseLargePagesIndividualAllocation        = false                                  {pd product} {ergonomic}

Logging:
Log output configuration:
 #0: stdout all=warning uptime,level,tags foldmultilines=false
 #1: stderr all=off uptime,level,tags foldmultilines=false

Release file:
JAVA_VERSION="25.0.3" 
MODULES="java.base java.compiler java.datatransfer java.xml java.prefs java.desktop java.instrument java.logging java.management java.security.sasl java.naming java.rmi java.management.rmi java.net.http java.scripting java.security.jgss java.transaction.xa java.sql java.sql.rowset java.xml.crypto java.se java.smartcardio jdk.accessibility jdk.internal.jvmstat jdk.attach jdk.charsets jdk.internal.opt jdk.zipfs jdk.compiler jdk.crypto.cryptoki jdk.crypto.ec jdk.dynalink jdk.hotspot.agent jdk.httpserver jdk.internal.ed jdk.internal.le jdk.internal.md jdk.internal.vm.ci jdk.jartool jdk.javadoc jdk.jcmd jdk.jdeps jdk.jdwp.agent jdk.jdi jdk.jfr jdk.jlink jdk.localedata jdk.management jdk.management.agent jdk.management.jfr jdk.naming.dns jdk.naming.rmi jdk.net jdk.sctp jdk.security.auth jdk.security.jgss jdk.unsupported jdk.unsupported.desktop jdk.xml.dom" 
IMPLEMENTOR="JetBrains s.r.o." 
JAVA_RUNTIME_VERSION="25.0.3+-15898627-b508.16" 
LIBC="default" 
OS_ARCH="x86_64" 
OS_NAME="Windows" 
SOURCE=".:git:a8b1dba3234f" 

Environment Variables:
PATH=C:\Program Files (x86)\Razer Chroma SDK\bin;C:\Program Files\Razer Chroma SDK\bin;C:\ProgramData\Oracle\Java\javapath;C:\Windows\system32;C:\Windows;C:\Windows\System32\Wbem;C:\Windows\System32\WindowsPowerShell\v1.0\;C:\Windows\System32\OpenSSH\;C:\Program Files (x86)\NVIDIA Corporation\PhysX\Common;C:\WINDOWS\system32;C:\WINDOWS;C:\WINDOWS\System32\Wbem;C:\WINDOWS\System32\WindowsPowerShell\v1.0\;C:\WINDOWS\System32\OpenSSH\;C:\WINDOWS\system32\config\systemprofile\AppData\Local\Microsoft\WindowsApps;C:\Program Files (x86)\Razer\ChromaBroadcast\bin;C:\Program Files\Razer\ChromaBroadcast\bin;C:\Users\ABDUL\AppData\Local\Microsoft\WindowsApps;C:\Program Files\NVIDIA Corporation\NVIDIA app\NvDLISR;C:\Windows\system32;C:\Windows;C:\Windows\System32\Wbem;C:\Windows\System32\WindowsPowerShell\v1.0\;C:\Windows\System32\OpenSSH\;C:\Program Files\Wolfram Research\WolframScript\;C:\msys64\ucrt64\bin;C:\Program Files\Git\cmd;C:\Users\ABDUL\AppData\Local\Microsoft\WindowsApps;C:\Users\ABDUL\AppData\Local\Programs\Microsoft VS Code\bin;C:\Users\ABDUL\AppData\Local\Coursier\data\bin;C:\Users\ABDUL\AppData\Local\spicetify
USERNAME=ABDUL
OS=Windows_NT
PROCESSOR_IDENTIFIER=Intel64 Family 6 Model 141 Stepping 1, GenuineIntel
TMP=C:\Users\ABDUL\AppData\Local\Temp
TEMP=C:\Users\ABDUL\AppData\Local\Temp




Compilation memory statistics disabled.

Periodic native trim disabled

JNI global refs:
JNI global refs: 30, weak refs: 0

JNI global refs memory usage: 835, weak refs: 833

Process memory usage:
Resident Set Size: 522176K (3% of 16471556K total physical memory with 1224064K free physical memory)

OOME stack traces (most recent first):
Classloader memory used:
Loader org.gradle.internal.classloader.VisitableURLClassLoader                         : 43413 K
Loader bootstrap                                                                       : 28569 K
Loader org.gradle.internal.classloader.VisitableURLClassLoader$InstrumentingVisitableURLClassLoader: 28340 K
Loader org.gradle.initialization.MixInLegacyTypesClassLoader                           : 14874 K
Loader org.gradle.internal.classloader.VisitableURLClassLoader                         : 1179 K
Loader jdk.internal.loader.ClassLoaders$AppClassLoader                                 : 188 K
Loader jdk.internal.loader.ClassLoaders$PlatformClassLoader                            : 176 K
Loader org.gradle.groovy.scripts.internal.DefaultScriptCompilationHandler$ScriptClassLoader: 90008 B
Loader sun.reflect.misc.MethodUtil                                                     : 2968 B

Classes loaded by more than one classloader:
Class Program                                                                         : loaded 5 times (x 74B)
Class Build_gradle                                                                    : loaded 3 times (x 128B)
Class com.google.common.collect.PeekingIterator                                       : loaded 3 times (x 72B)
Class com.google.common.base.Preconditions                                            : loaded 3 times (x 73B)
Class org.gradle.internal.IoActions                                                   : loaded 3 times (x 73B)
Class org.gradle.api.GradleException                                                  : loaded 3 times (x 84B)
Class org.gradle.api.Action                                                           : loaded 3 times (x 72B)
Class org.gradle.internal.Cast                                                        : loaded 3 times (x 73B)
Class com.google.common.collect.ImmutableList                                         : loaded 3 times (x 208B)
Class com.google.common.collect.Iterators$9                                           : loaded 3 times (x 83B)
Class com.google.common.collect.Lists                                                 : loaded 3 times (x 73B)
Class com.google.common.collect.ImmutableCollection                                   : loaded 3 times (x 127B)
Class com.google.common.collect.Iterators$5                                           : loaded 3 times (x 84B)
Class com.google.common.collect.UnmodifiableListIterator                              : loaded 3 times (x 97B)
Class com.google.common.collect.Iterators$4                                           : loaded 3 times (x 84B)
Class com.google.common.collect.Iterators$1                                           : loaded 3 times (x 83B)
Class com.google.common.collect.Iterators$MergingIterator                             : loaded 3 times (x 83B)
Class com.google.common.collect.AbstractIndexedListIterator                           : loaded 3 times (x 98B)
Class com.google.common.collect.AbstractIterator                                      : loaded 3 times (x 84B)
Class com.google.common.collect.Lists$StringAsImmutableList                           : loaded 3 times (x 209B)
Class com.google.common.collect.Iterators                                             : loaded 3 times (x 73B)
Class com.google.common.collect.Iterators$SingletonIterator                           : loaded 3 times (x 83B)
Class com.google.common.collect.UnmodifiableIterator                                  : loaded 3 times (x 82B)
Class com.google.common.collect.Iterators$ArrayItr                                    : loaded 3 times (x 99B)
Class org.gradle.tooling.internal.gradle.DefaultProjectIdentifier                     : loaded 2 times (x 88B)
Class com.google.common.collect.ImmutableEnumMap                                      : loaded 2 times (x 128B)
Class com.google.common.collect.ListMultimap                                          : loaded 2 times (x 72B)
Class com.google.common.collect.Sets$1                                                : loaded 2 times (x 143B)
Class org.objectweb.asm.AnnotationVisitor                                             : loaded 2 times (x 80B)
Class org.gradle.api.internal.DefaultClassPathProvider                                : loaded 2 times (x 78B)
Class com.google.common.collect.Sets$2                                                : loaded 2 times (x 143B)
Class [Lorg.gradle.api.internal.ClassPathProvider;                                    : loaded 2 times (x 71B)
Class org.gradle.api.internal.ClassPathProvider                                       : loaded 2 times (x 72B)
Class [Lorg.objectweb.asm.AnnotationVisitor;                                          : loaded 2 times (x 71B)
Class com.google.common.collect.Sets$3                                                : loaded 2 times (x 143B)
Class com.google.common.cache.LocalCache$LocalLoadingCache                            : loaded 2 times (x 136B)
Class org.gradle.internal.service.UnknownServiceException                             : loaded 2 times (x 85B)
Class com.google.common.collect.Sets$4                                                : loaded 2 times (x 143B)
Class org.objectweb.asm.ModuleVisitor                                                 : loaded 2 times (x 83B)
Class com.google.common.cache.LocalCache$Strength$1                                   : loaded 2 times (x 83B)
Class com.google.common.util.concurrent.SettableFuture                                : loaded 2 times (x 116B)
Class com.google.common.cache.LocalCache$Strength$2                                   : loaded 2 times (x 83B)
Class com.google.common.cache.LocalCache$Strength$3                                   : loaded 2 times (x 83B)
Class com.google.common.collect.MapDifference                                         : loaded 2 times (x 72B)
Class org.objectweb.asm.FieldWriter                                                   : loaded 2 times (x 79B)
Class com.google.common.cache.CacheBuilder$NullListener                               : loaded 2 times (x 84B)
Class org.gradle.internal.classpath.TransformedClassPath                              : loaded 2 times (x 98B)
Class org.gradle.internal.classloader.InstrumentingClassLoader                        : loaded 2 times (x 72B)
Class [Lcom.google.common.collect.ImmutableMapEntry;                                  : loaded 2 times (x 71B)
Class kotlin.enums.EnumEntriesList                                                    : loaded 2 times (x 225B)
Class com.google.common.cache.CacheLoader$FunctionToCacheLoader                       : loaded 2 times (x 77B)
Class com.google.common.collect.ImmutableCollection$Builder                           : loaded 2 times (x 78B)
Class com.google.common.base.Joiner                                                   : loaded 2 times (x 82B)
Class com.google.common.base.MoreObjects                                              : loaded 2 times (x 73B)
Class kotlin.collections.AbstractList$Companion                                       : loaded 2 times (x 73B)
Class com.google.common.collect.Platform                                              : loaded 2 times (x 73B)
Class [Lorg.objectweb.asm.Type;                                                       : loaded 2 times (x 71B)
Class org.gradle.internal.service.ServiceLocator                                      : loaded 2 times (x 72B)
Class com.intellij.gradle.toolingExtension.util.GradleVersionUtil                     : loaded 2 times (x 73B)
Class org.gradle.internal.classloader.DefaultClassLoaderFactory                       : loaded 2 times (x 84B)
Class org.gradle.tooling.model.UnsupportedMethodException                             : loaded 2 times (x 84B)
Class com.google.common.base.Ascii                                                    : loaded 2 times (x 73B)
Class com.google.common.collect.SingletonImmutableBiMap                               : loaded 2 times (x 145B)
Class com.google.common.cache.LocalCache$1                                            : loaded 2 times (x 91B)
Class com.google.common.collect.AbstractMapEntry                                      : loaded 2 times (x 83B)
Class com.google.common.collect.Sets$ImprovedAbstractSet                              : loaded 2 times (x 137B)
Class com.google.common.collect.ImmutableList$Builder                                 : loaded 2 times (x 79B)
Class com.google.common.cache.LocalCache$2                                            : loaded 2 times (x 144B)
Class com.google.common.collect.AbstractMultimap                                      : loaded 2 times (x 125B)
Class com.google.common.collect.RegularImmutableAsList                                : loaded 2 times (x 219B)
Class com.google.common.base.Suppliers                                                : loaded 2 times (x 73B)
Class com.google.common.util.concurrent.AbstractFuture$Trusted                        : loaded 2 times (x 72B)
Class org.gradle.kotlin.dsl.VersionCatalogAccessorsKt                                 : loaded 2 times (x 73B)
Class [Lcom.google.common.cache.CacheBuilder$OneWeigher;                              : loaded 2 times (x 71B)
Class com.google.common.util.concurrent.UncheckedExecutionException                   : loaded 2 times (x 84B)
Class org.gradle.internal.time.DefaultTimer                                           : loaded 2 times (x 82B)
Class com.google.common.collect.AbstractMapBasedMultimap$KeySet$1                     : loaded 2 times (x 84B)
Class org.objectweb.asm.ClassWriter                                                   : loaded 2 times (x 107B)
Class com.google.common.base.CharMatcher$And                                          : loaded 2 times (x 114B)
Class com.google.common.cache.CacheLoader$UnsupportedLoadingOperationException        : loaded 2 times (x 84B)
Class com.google.common.base.Objects                                                  : loaded 2 times (x 73B)
Class org.objectweb.asm.FieldVisitor                                                  : loaded 2 times (x 79B)
Class com.google.common.collect.IndexedImmutableSet                                   : loaded 2 times (x 154B)
Class com.google.common.collect.ImmutableMap$1                                        : loaded 2 times (x 83B)
Class com.google.common.collect.BiMap                                                 : loaded 2 times (x 72B)
Class org.gradle.api.internal.classpath.DefaultModuleRegistry$DefaultModule           : loaded 2 times (x 84B)
Class org.objectweb.asm.MethodTooLargeException                                       : loaded 2 times (x 84B)
Class com.google.common.primitives.Ints                                               : loaded 2 times (x 73B)
Class com.google.common.base.Platform$JdkPatternCompiler                              : loaded 2 times (x 77B)
Class org.gradle.internal.time.DefaultCountdownTimer                                  : loaded 2 times (x 90B)
Class com.google.common.collect.ObjectArrays                                          : loaded 2 times (x 73B)
Class com.google.common.math.MathPreconditions                                        : loaded 2 times (x 73B)
Class com.google.common.collect.ArrayListMultimapGwtSerializationDependencies         : loaded 2 times (x 173B)
Class com.google.common.collect.Multiset                                              : loaded 2 times (x 72B)
Class org.gradle.tooling.internal.gradle.DefaultBuildIdentifier                       : loaded 2 times (x 81B)
Class com.google.common.collect.ImmutableMapEntrySet                                  : loaded 2 times (x 154B)
Class org.gradle.api.internal.classpath.Module                                        : loaded 2 times (x 72B)
Class com.google.common.cache.Weigher                                                 : loaded 2 times (x 72B)
Class org.gradle.api.internal.classpath.UnknownModuleException                        : loaded 2 times (x 84B)
Class com.google.common.base.Stopwatch                                                : loaded 2 times (x 74B)
Class com.google.common.cache.LocalCache$Strength                                     : loaded 2 times (x 83B)
Class com.google.common.cache.Cache                                                   : loaded 2 times (x 72B)
Class com.google.common.util.concurrent.AbstractFuture$Cancellation                   : loaded 2 times (x 74B)
Class com.google.common.collect.ImmutableMap$Builder                                  : loaded 2 times (x 84B)
Class org.gradle.tooling.internal.gradle.GradleProjectIdentity                        : loaded 2 times (x 72B)
Class com.google.common.cache.RemovalListener                                         : loaded 2 times (x 72B)
Class org.gradle.api.internal.DefaultClassPathRegistry                                : loaded 2 times (x 78B)
Class com.google.common.primitives.IntsMethodsForWeb                                  : loaded 2 times (x 73B)
Class com.google.common.collect.Multimap                                              : loaded 2 times (x 72B)
Class org.gradle.internal.classpath.DefaultClassPath$ImmutableUniqueList              : loaded 2 times (x 201B)
Class org.gradle.api.internal.ClassPathRegistry                                       : loaded 2 times (x 72B)
Class com.google.common.base.ExtraObjectsMethodsForWeb                                : loaded 2 times (x 73B)
Class org.objectweb.asm.ClassVisitor                                                  : loaded 2 times (x 90B)
Class Settings_gradle$1                                                               : loaded 2 times (x 76B)
Class com.google.common.collect.SingletonImmutableList                                : loaded 2 times (x 209B)
Class com.google.common.cache.CacheBuilder                                            : loaded 2 times (x 74B)
Class org.gradle.internal.classpath.ClassPath                                         : loaded 2 times (x 72B)
Class ijInit1_5r4u4ywo6eyww533vzolh0yz4                                               : loaded 2 times (x 173B)
Class com.google.common.base.JdkPattern                                               : loaded 2 times (x 77B)
Class com.google.common.collect.ImmutableList$ReverseImmutableList                    : loaded 2 times (x 211B)
Class org.objectweb.asm.SymbolTable$Entry                                             : loaded 2 times (x 75B)
Class org.gradle.api.internal.classpath.DefaultModuleRegistry$DefaultModuleAlias      : loaded 2 times (x 82B)
Class [Lorg.objectweb.asm.Symbol;                                                     : loaded 2 times (x 71B)
Class org.gradle.tooling.model.Model                                                  : loaded 2 times (x 72B)
Class org.objectweb.asm.Edge                                                          : loaded 2 times (x 74B)
Class com.google.common.base.Suppliers$SupplierOfInstance                             : loaded 2 times (x 81B)
Class kotlin.UninitializedPropertyAccessException                                     : loaded 2 times (x 84B)
Class com.google.common.cache.LocalCache$ComputingValueReference                      : loaded 2 times (x 98B)
Class com.google.common.collect.ImmutableMap$IteratorBasedImmutableMap                : loaded 2 times (x 128B)
Class com.google.common.collect.SingletonImmutableSet                                 : loaded 2 times (x 148B)
Class com.google.common.cache.LocalCache$Segment                                      : loaded 2 times (x 155B)
Class org.gradle.internal.operations.MultipleBuildOperationFailures                   : loaded 2 times (x 97B)
Class [Lorg.objectweb.asm.SymbolTable$Entry;                                          : loaded 2 times (x 71B)
Class com.google.common.cache.CacheLoader                                             : loaded 2 times (x 76B)
Class com.google.common.collect.ImmutableBiMap                                        : loaded 2 times (x 145B)
Class com.google.common.collect.AbstractListMultimap                                  : loaded 2 times (x 173B)
Class org.gradle.api.internal.classpath.ModuleRegistry                                : loaded 2 times (x 72B)
Class org.gradle.internal.installation.GradleInstallation$1                           : loaded 2 times (x 77B)
Class com.google.common.collect.ImmutableMap$MapViewOfValuesAsSingletonSets           : loaded 2 times (x 128B)
Class com.google.common.collect.ImmutableSet$JdkBackedSetBuilderImpl                  : loaded 2 times (x 78B)
Class com.google.common.util.concurrent.internal.InternalFutureFailureAccess          : loaded 2 times (x 74B)
Class com.google.common.base.CharMatcher$ForPredicate                                 : loaded 2 times (x 114B)
Class com.google.common.cache.LocalCache$LocalManualCache$1                           : loaded 2 times (x 77B)
Class com.google.common.collect.RegularImmutableMap                                   : loaded 2 times (x 122B)
Class org.gradle.tooling.model.idea.BasicIdeaProject                                  : loaded 2 times (x 72B)
Class com.google.common.base.CharMatcher$AnyOf                                        : loaded 2 times (x 114B)
Class org.gradle.api.internal.classpath.DefaultModuleRegistry                         : loaded 2 times (x 86B)
Class com.google.common.collect.AbstractMapBasedMultimap$WrappedCollection            : loaded 2 times (x 126B)
Class com.google.common.util.concurrent.ListenableFuture                              : loaded 2 times (x 72B)
Class com.google.common.cache.ReferenceEntry                                          : loaded 2 times (x 72B)
Class com.google.common.base.Converter                                                : loaded 2 times (x 92B)
Class com.google.common.collect.ImmutableSet$CachingAsList                            : loaded 2 times (x 150B)
Class com.google.common.util.concurrent.ExecutionError                                : loaded 2 times (x 84B)
Class com.google.common.util.concurrent.AbstractFuture                                : loaded 2 times (x 108B)
Class com.google.common.base.FunctionalEquivalence                                    : loaded 2 times (x 85B)
Class com.google.common.collect.AbstractMapBasedMultimap                              : loaded 2 times (x 140B)
Class com.google.common.collect.ImmutableAsList                                       : loaded 2 times (x 211B)
Class org.gradle.tooling.model.GradleProject                                          : loaded 2 times (x 72B)
Class org.objectweb.asm.RecordComponentVisitor                                        : loaded 2 times (x 79B)
Class com.google.common.cache.CacheLoader$SupplierToCacheLoader                       : loaded 2 times (x 77B)
Class org.gradle.internal.time.MonotonicClock                                         : loaded 2 times (x 79B)
Class org.gradle.internal.service.ServiceLookupException                              : loaded 2 times (x 84B)
Class com.google.common.collect.ImmutableList$1                                       : loaded 2 times (x 99B)
Class org.gradle.internal.classloader.ClassLoaderFactory                              : loaded 2 times (x 72B)
Class com.google.common.base.CommonPattern                                            : loaded 2 times (x 76B)
Class com.google.common.base.CharMatcher$IsNot                                        : loaded 2 times (x 113B)
Class com.google.common.cache.LocalCache$LocalManualCache                             : loaded 2 times (x 101B)
Class org.gradle.internal.service.CachingServiceLocator                               : loaded 2 times (x 84B)
Class com.google.common.collect.AbstractMapBasedMultimap$KeySet                       : loaded 2 times (x 139B)
Class com.google.common.math.IntMath                                                  : loaded 2 times (x 73B)
Class org.gradle.internal.time.TimeSource                                             : loaded 2 times (x 72B)
Class com.google.common.collect.ImmutableMapEntry                                     : loaded 2 times (x 87B)
Class org.gradle.tooling.internal.gradle.GradleBuildIdentity                          : loaded 2 times (x 72B)
Class kotlin.enums.EnumEntries                                                        : loaded 2 times (x 72B)
Class com.google.common.base.Equivalence                                              : loaded 2 times (x 84B)
Class com.google.common.collect.ImmutableMapEntry$NonTerminalImmutableMapEntry        : loaded 2 times (x 87B)
Class com.google.common.base.Function                                                 : loaded 2 times (x 72B)
Class org.gradle.internal.exceptions.ResolutionProvider                               : loaded 2 times (x 72B)
Class com.google.common.collect.IndexedImmutableSet$1                                 : loaded 2 times (x 215B)
Class com.google.common.collect.RegularImmutableList                                  : loaded 2 times (x 215B)
Class com.google.common.cache.CacheBuilder$OneWeigher                                 : loaded 2 times (x 84B)
Class org.gradle.tooling.model.ProjectIdentifier                                      : loaded 2 times (x 72B)
Class org.gradle.internal.classloader.ClasspathUtil                                   : loaded 2 times (x 73B)
Class org.jetbrains.kotlin.tooling.core.HasExtras                                     : loaded 2 times (x 72B)
Class com.google.common.util.concurrent.Uninterruptibles                              : loaded 2 times (x 73B)
Class org.gradle.internal.time.TimeSource$1                                           : loaded 2 times (x 79B)
Class kotlin.jvm.internal.DefaultConstructorMarker                                    : loaded 2 times (x 73B)
Class com.google.common.util.concurrent.LazyLogger                                    : loaded 2 times (x 74B)
Class com.google.common.collect.Maps                                                  : loaded 2 times (x 73B)
Class org.gradle.api.specs.Spec                                                       : loaded 2 times (x 72B)
Class [Lcom.google.common.collect.ImmutableEntry;                                     : loaded 2 times (x 71B)
Class com.google.common.cache.LocalCache$LoadingValueReference                        : loaded 2 times (x 98B)
Class com.intellij.gradle.toolingExtension.impl.model.utilDummyModel.DummyModel       : loaded 2 times (x 72B)
Class org.gradle.internal.time.Clock                                                  : loaded 2 times (x 72B)
Class org.gradle.tooling.model.BuildModel                                             : loaded 2 times (x 72B)
Class com.google.common.base.Platform                                                 : loaded 2 times (x 73B)
Class ijInit1_5r4u4ywo6eyww533vzolh0yz4$_run_closure1                                 : loaded 2 times (x 141B)
Class org.gradle.tooling.model.Element                                                : loaded 2 times (x 72B)
Class kotlin.collections.AbstractList                                                 : loaded 2 times (x 199B)
Class kotlin.collections.AbstractCollection                                           : loaded 2 times (x 119B)
Class [Lorg.objectweb.asm.AnnotationWriter;                                           : loaded 2 times (x 71B)
Class com.google.common.collect.Maps$8                                                : loaded 2 times (x 84B)
Class org.jetbrains.kotlin.tooling.core.Extras                                        : loaded 2 times (x 72B)
Class com.google.common.collect.Sets$SetView                                          : loaded 2 times (x 141B)
Class com.google.common.cache.LocalCache$StrongValueReference                         : loaded 2 times (x 92B)
Class org.objectweb.asm.Type                                                          : loaded 2 times (x 74B)
Class org.gradle.internal.classloader.VisitableURLClassLoader$InstrumentingVisitableURLClassLoader: loaded 2 times (x 124B)
Class com.google.common.math.IntMath$1                                                : loaded 2 times (x 73B)
Class org.objectweb.asm.ByteVector                                                    : loaded 2 times (x 81B)
Class [Lcom.google.common.cache.CacheBuilder$NullListener;                            : loaded 2 times (x 71B)
Class org.gradle.internal.classloader.VisitableURLClassLoader$Spec                    : loaded 2 times (x 76B)
Class org.gradle.internal.classpath.DefaultClassPath                                  : loaded 2 times (x 92B)
Class sync_studio_tooling23_6cqac21inlnhu26wu7wpd1nv9                                 : loaded 2 times (x 173B)
Class org.gradle.util.internal.DefaultGradleVersion                                   : loaded 2 times (x 84B)
Class org.objectweb.asm.Symbol                                                        : loaded 2 times (x 75B)
Class com.google.common.base.CharMatcher$BitSetMatcher                                : loaded 2 times (x 114B)
Class com.google.common.collect.RegularImmutableMap$Values                            : loaded 2 times (x 209B)
Class com.google.common.collect.ImmutableSet                                          : loaded 2 times (x 147B)
Class org.gradle.internal.classloader.ClassLoaderSpec                                 : loaded 2 times (x 73B)
Class org.objectweb.asm.AnnotationWriter                                              : loaded 2 times (x 80B)
Class com.google.common.cache.CacheStats                                              : loaded 2 times (x 73B)
Class Settings_gradle$1$1                                                             : loaded 2 times (x 76B)
Class org.objectweb.asm.RecordComponentWriter                                         : loaded 2 times (x 79B)
Class com.google.common.util.concurrent.AbstractFuture$Listener                       : loaded 2 times (x 74B)
Class com.google.common.base.CharMatcher$Or                                           : loaded 2 times (x 114B)
Class org.gradle.api.internal.classpath.Module$ModuleAlias                            : loaded 2 times (x 72B)
Class org.objectweb.asm.Attribute                                                     : loaded 2 times (x 79B)
Class com.google.common.base.Supplier                                                 : loaded 2 times (x 72B)
Class org.gradle.internal.classloader.VisitableURLClassLoader                         : loaded 2 times (x 118B)
Class Settings_gradle                                                                 : loaded 2 times (x 126B)
Class com.google.common.collect.ImmutableEnumSet                                      : loaded 2 times (x 148B)
Class org.gradle.internal.classloader.ClassLoaderHierarchy                            : loaded 2 times (x 72B)
Class org.gradle.tooling.model.eclipse.EclipseProject                                 : loaded 2 times (x 72B)
Class com.google.common.base.Strings                                                  : loaded 2 times (x 73B)
Class com.google.common.collect.Sets                                                  : loaded 2 times (x 73B)
Class org.objectweb.asm.Handler                                                       : loaded 2 times (x 74B)
Class com.google.common.base.CharMatcher$FastMatcher                                  : loaded 2 times (x 113B)
Class com.google.common.base.Ticker                                                   : loaded 2 times (x 74B)
Class [Lcom.google.common.cache.LocalCache$Segment;                                   : loaded 2 times (x 71B)
Class com.google.common.base.Predicate                                                : loaded 2 times (x 72B)
Class [Lcom.google.common.cache.LocalCache$Strength;                                  : loaded 2 times (x 71B)
Class com.google.common.cache.CacheBuilder$1                                          : loaded 2 times (x 87B)
Class com.google.common.collect.ImmutableMap                                          : loaded 2 times (x 122B)
Class org.gradle.internal.classpath.DefaultClassPath$ImmutableUniqueList$Builder      : loaded 2 times (x 77B)
Class com.google.common.base.CharMatcher$NegatedFastMatcher                           : loaded 2 times (x 115B)
Class com.google.common.cache.LocalCache                                              : loaded 2 times (x 188B)
Class com.google.common.cache.CacheBuilder$2                                          : loaded 2 times (x 81B)
Class com.google.common.base.CharMatcher$IsEither                                     : loaded 2 times (x 113B)
Class org.gradle.internal.exceptions.NonGradleCauseExceptionsHolder                   : loaded 2 times (x 72B)
Class com.google.common.cache.CacheBuilder$3                                          : loaded 2 times (x 74B)
Class [Lcom.google.common.collect.AbstractMapEntry;                                   : loaded 2 times (x 71B)
Class com.google.common.collect.ImmutableEntry                                        : loaded 2 times (x 84B)
Class com.google.common.collect.ArrayListMultimap                                     : loaded 2 times (x 173B)
Class org.gradle.tooling.model.eclipse.HierarchicalEclipseProject                     : loaded 2 times (x 72B)
Class com.google.common.collect.CollectPreconditions                                  : loaded 2 times (x 73B)
Class com.google.common.collect.SortedMapDifference                                   : loaded 2 times (x 72B)
Class com.google.common.cache.LocalCache$WriteThroughEntry                            : loaded 2 times (x 81B)
Class com.google.common.cache.LocalCache$HashIterator                                 : loaded 2 times (x 88B)
Class com.google.common.cache.LocalCache$EntryFactory                                 : loaded 2 times (x 85B)
Class org.gradle.internal.classloader.FilteringClassLoader                            : loaded 2 times (x 106B)
Class kotlin.enums.EnumEntriesKt                                                      : loaded 2 times (x 73B)
Class org.jetbrains.kotlin.tooling.core.HasMutableExtras                              : loaded 2 times (x 72B)
Class com.google.common.cache.LocalCache$AbstractReferenceEntry                       : loaded 2 times (x 109B)
Class org.objectweb.asm.SymbolTable                                                   : loaded 2 times (x 74B)
Class com.google.common.cache.CacheLoader$InvalidCacheLoadException                   : loaded 2 times (x 84B)
Class com.google.common.collect.ImmutableSet$RegularSetBuilderImpl                    : loaded 2 times (x 78B)
Class org.gradle.internal.exceptions.MultiCauseException                              : loaded 2 times (x 72B)
Class org.gradle.internal.time.CountdownTimer                                         : loaded 2 times (x 72B)
Class kotlin.jvm.internal.Intrinsics                                                  : loaded 2 times (x 73B)
Class com.google.common.cache.LocalCache$StrongEntry                                  : loaded 2 times (x 110B)
Class com.google.common.util.concurrent.AbstractFuture$TrustedFuture                  : loaded 2 times (x 116B)
Class com.google.common.cache.LoadingCache                                            : loaded 2 times (x 72B)
Class org.gradle.tooling.model.ProjectModel                                           : loaded 2 times (x 72B)
Class org.gradle.tooling.model.gradle.GradleBuild                                     : loaded 2 times (x 72B)
Class org.objectweb.asm.MethodWriter                                                  : loaded 2 times (x 107B)
Class [Lcom.google.common.cache.Weigher;                                              : loaded 2 times (x 71B)
Class com.google.common.collect.RegularImmutableMap$BucketOverflowException           : loaded 2 times (x 84B)
Class kotlin.KotlinNullPointerException                                               : loaded 2 times (x 84B)
Class org.gradle.internal.exceptions.DefaultMultiCauseException                       : loaded 2 times (x 97B)
Class com.google.common.collect.RegularImmutableBiMap                                 : loaded 2 times (x 150B)
Class com.google.common.base.CharMatcher$Negated                                      : loaded 2 times (x 115B)
Class com.google.common.base.CharMatcher$Is                                           : loaded 2 times (x 113B)
Class com.google.common.cache.LocalCache$ValueReference                               : loaded 2 times (x 72B)
Class com.google.common.collect.RegularImmutableMap$KeySet                            : loaded 2 times (x 154B)
Class org.gradle.tooling.model.HierarchicalElement                                    : loaded 2 times (x 72B)
Class com.google.common.base.PatternCompiler                                          : loaded 2 times (x 72B)
Class com.google.common.util.concurrent.AbstractFuture$Failure                        : loaded 2 times (x 74B)
Class com.google.common.base.Equivalence$Equals                                       : loaded 2 times (x 84B)
Class com.google.common.collect.Hashing                                               : loaded 2 times (x 73B)
Class com.google.common.base.Equivalence$Identity                                     : loaded 2 times (x 84B)
Class org.gradle.internal.time.Time                                                   : loaded 2 times (x 73B)
Class com.google.common.base.Joiner$1                                                 : loaded 2 times (x 83B)
Class org.objectweb.asm.Label                                                         : loaded 2 times (x 75B)
Class org.objectweb.asm.CurrentFrame                                                  : loaded 2 times (x 75B)
Class org.objectweb.asm.ClassTooLargeException                                        : loaded 2 times (x 84B)
Class com.google.common.base.CharMatcher                                              : loaded 2 times (x 113B)
Class com.google.common.base.Joiner$2                                                 : loaded 2 times (x 82B)
Class org.objectweb.asm.Frame                                                         : loaded 2 times (x 75B)
Class org.objectweb.asm.MethodVisitor                                                 : loaded 2 times (x 107B)
Class com.google.common.base.CharMatcher$NamedFastMatcher                             : loaded 2 times (x 114B)
Class com.google.common.base.CharMatcher$1                                            : loaded 2 times (x 115B)
Class com.google.common.cache.LocalCache$EntryFactory$1                               : loaded 2 times (x 85B)
Class [Lcom.google.common.cache.RemovalListener;                                      : loaded 2 times (x 71B)
Class com.google.common.cache.LocalCache$EntryFactory$2                               : loaded 2 times (x 85B)
Class org.gradle.tooling.model.BuildIdentifier                                        : loaded 2 times (x 72B)
Class kotlin.NoWhenBranchMatchedException                                             : loaded 2 times (x 84B)
Class org.objectweb.asm.ModuleWriter                                                  : loaded 2 times (x 83B)
Class com.google.common.cache.LocalCache$EntryFactory$3                               : loaded 2 times (x 85B)
Class com.google.common.base.Ticker$1                                                 : loaded 2 times (x 74B)
Class com.google.common.collect.ImmutableMapEntrySet$RegularEntrySet                  : loaded 2 times (x 154B)
Class com.google.common.collect.Maps$BiMapConverter                                   : loaded 2 times (x 92B)
Class org.gradle.tooling.model.BuildableElement                                       : loaded 2 times (x 72B)
Class org.gradle.tooling.model.HasGradleProject                                       : loaded 2 times (x 72B)
Class com.google.common.base.CharMatcher$InRange                                      : loaded 2 times (x 113B)
Class com.google.common.cache.LocalCache$EntryFactory$4                               : loaded 2 times (x 85B)
Class com.google.common.collect.ImmutableSet$Builder                                  : loaded 2 times (x 87B)
Class sync_studio_tooling23_6cqac21inlnhu26wu7wpd1nv9$_run_closure1                   : loaded 2 times (x 140B)
Class com.google.common.cache.LocalCache$EntryFactory$5                               : loaded 2 times (x 85B)
Class com.google.common.base.PairwiseEquivalence                                      : loaded 2 times (x 85B)
Class org.gradle.internal.time.Timer                                                  : loaded 2 times (x 72B)
Class kotlin.jvm.internal.markers.KMappedMarker                                       : loaded 2 times (x 72B)
Class com.google.common.cache.LocalCache$EntryFactory$6                               : loaded 2 times (x 85B)
Class org.gradle.internal.installation.CurrentGradleInstallationLocator               : loaded 2 times (x 73B)
Class [Lcom.google.common.cache.LocalCache$EntryFactory;                              : loaded 2 times (x 71B)
Class org.gradle.tooling.model.idea.IdeaProject                                       : loaded 2 times (x 72B)
Class com.google.common.collect.Maps$KeySet                                           : loaded 2 times (x 139B)
Class com.google.common.collect.ImmutableSet$EmptySetBuilderImpl                      : loaded 2 times (x 78B)
Class com.google.common.cache.LocalCache$EntryFactory$7                               : loaded 2 times (x 85B)
Class org.gradle.internal.service.DefaultServiceLocator                               : loaded 2 times (x 85B)
Class org.gradle.util.GradleVersion                                                   : loaded 2 times (x 83B)
Class com.google.common.cache.LocalCache$EntryFactory$8                               : loaded 2 times (x 85B)
Class com.google.common.collect.ImmutableSet$SetBuilderImpl                           : loaded 2 times (x 78B)
Class org.gradle.internal.installation.CurrentGradleInstallation                      : loaded 2 times (x 75B)
Class org.gradle.tooling.model.gradle.ProjectPublications                             : loaded 2 times (x 72B)
Class com.google.common.collect.ImmutableList$SubList                                 : loaded 2 times (x 211B)
Class com.google.common.cache.CacheLoader$1                                           : loaded 2 times (x 77B)
Class org.gradle.util.internal.GUtil                                                  : loaded 2 times (x 73B)
Class com.google.common.cache.AbstractCache$StatsCounter                              : loaded 2 times (x 72B)
Class kotlin.NotImplementedError                                                      : loaded 2 times (x 84B)
Class org.gradle.tooling.GradleConnectionException                                    : loaded 2 times (x 85B)
Class com.google.common.collect.RegularImmutableSet                                   : loaded 2 times (x 150B)
Class org.gradle.internal.installation.GradleInstallation                             : loaded 2 times (x 77B)
Class com.google.common.collect.Iterables                                             : loaded 2 times (x 73B)

---------------  S Y S T E M  ---------------

OS:
 Windows 11 , 64 bit Build 26100 (10.0.26100.9168)
OS uptime: 0 days 9:53 hours
Hyper-V role detected

CPU: total 16 (initial active 16) (8 cores per cpu, 2 threads per core) family 6 model 141 stepping 1 microcode 0x26, cx8, cmov, fxsr, ht, mmx, 3dnowpref, sse, sse2, sse3, ssse3, sse4.1, sse4.2, popcnt, lzcnt, tsc, tscinvbit, avx, avx2, aes, erms, clmul, bmi1, bmi2, adx, avx512f, avx512dq, avx512cd, avx512bw, avx512vl, sha, fma, vzeroupper, avx512_vpopcntdq, avx512_vpclmulqdq, avx512_vaes, avx512_vnni, clflush, clflushopt, clwb, avx512_vbmi2, avx512_vbmi, hv, rdtscp, rdpid, fsrm, gfni, avx512_bitalg, f16c, cet_ibt, cet_ss, avx512_ifma
Processor Information for the first 16 processors :
  Max Mhz: 2304, Current Mhz: 2304, Mhz Limit: 2304

Memory: 4k page, system-wide physical 16085M (1196M free)
TotalPageFile size 16085M (AvailPageFile size 16M)
current process WorkingSet (physical memory assigned to process): 510M, peak: 511M
current process commit charge ("private bytes"): 558M, peak: 563M

vm_info: OpenJDK 64-Bit Server VM (25.0.3+-15898627-b508.16) for windows-amd64 JRE (25.0.3+-15898627-b508.16), built on 2026-07-20T17:54:23Z with MS VC++ 16.10 / 16.11 (VS2019)

END.
