#
# There is insufficient memory for the Java Runtime Environment to continue.
# Native memory allocation (malloc) failed to allocate 20474712 bytes. Error detail: Chunk::new
# Possible reasons:
#   The system is out of physical RAM or swap space
#   This process is running with CompressedOops enabled, and the Java Heap may be blocking the growth of the native heap
# Possible solutions:
#   Reduce memory load on the system
#   Increase physical memory or swap space
#   Check if swap backing store is full
#   Decrease Java heap size (-Xmx/-Xms)
#   Decrease number of Java threads
#   Decrease Java thread stack sizes (-Xss)
#   Set larger code cache with -XX:ReservedCodeCacheSize=
#   JVM is running with Unscaled Compressed Oops mode in which the Java heap is
#     placed in the first 4GB address space. The Java Heap base address is the
#     maximum limit for the native heap growth. Please use -XX:HeapBaseMinAddress
#     to set the Java Heap base and to place the Java Heap above 4GB virtual address.
# This output file may be truncated or incomplete.
#
#  Out of Memory Error (arena.cpp:186), pid=22384, tid=22180
#
# JRE version: OpenJDK Runtime Environment (25.0.3) (build 25.0.3+-15898627-b508.16)
# Java VM: OpenJDK 64-Bit Server VM (25.0.3+-15898627-b508.16, mixed mode, tiered, compressed oops, compressed class ptrs, g1 gc, windows-amd64)
# No core dump will be written. Minidumps are not enabled by default on client versions of Windows
#

---------------  S U M M A R Y ------------

Command Line: --add-opens=java.base/java.lang=ALL-UNNAMED --add-opens=java.base/java.lang.invoke=ALL-UNNAMED --add-opens=java.base/java.util=ALL-UNNAMED --add-opens=java.prefs/java.util.prefs=ALL-UNNAMED --add-exports=jdk.compiler/com.sun.tools.javac.api=ALL-UNNAMED --add-exports=jdk.compiler/com.sun.tools.javac.util=ALL-UNNAMED --add-opens=java.base/java.nio.charset=ALL-UNNAMED --add-opens=java.base/java.net=ALL-UNNAMED --add-opens=java.base/java.util.concurrent=ALL-UNNAMED --add-opens=java.base/java.util.concurrent.atomic=ALL-UNNAMED --add-opens=java.xml/javax.xml.namespace=ALL-UNNAMED --add-opens=java.base/java.time=ALL-UNNAMED --enable-native-access=ALL-UNNAMED -Xmx2048m -Dfile.encoding=UTF-8 -Duser.country=BO -Duser.language=es -Duser.variant -javaagent:C:\Users\ABDUL\.gradle\wrapper\dists\gradle-9.6.0-bin\42k10rwplmzkhuboz9kdazi7s\gradle-9.6.0\lib\agents\gradle-instrumentation-agent-9.6.0.jar org.gradle.launcher.daemon.bootstrap.GradleDaemon 9.6.0

Host: 11th Gen Intel(R) Core(TM) i7-11800H @ 2.30GHz, 16 cores, 15G,  Windows 11 , 64 bit Build 26100 (10.0.26100.9168)
Time: Mon Oct  5 21:23:11 2026 Hora estándar de Venezuela elapsed time: 6.489555 seconds (0d 0h 0m 6s)

---------------  T H R E A D  ---------------

Current thread (0x0000019452445050):  JavaThread "C2 CompilerThread0" daemon [_thread_in_native, id=22180, stack(0x0000000101500000,0x0000000101600000) (1024K)]


Current CompileTask:
C2:6489 7660       4       java.lang.invoke.MethodHandleImpl::makePairwiseConvertByEditor (617 bytes)

Stack: [0x0000000101500000,0x0000000101600000]
Native frames: (J=compiled Java code, j=interpreted, Vv=VM code, C=native code)
V  [jvm.dll+0x7bf039]  (no source info available)
V  [jvm.dll+0x78912d]  (no source info available)
V  [jvm.dll+0xa0e615]  (no source info available)
V  [jvm.dll+0xa10c94]  (no source info available)
V  [jvm.dll+0xa11393]  (no source info available)
V  [jvm.dll+0x30a116]  (no source info available)
V  [jvm.dll+0x10eda9]  (no source info available)
V  [jvm.dll+0x10f0d2]  (no source info available)
V  [jvm.dll+0x1a9b77]  (no source info available)
V  [jvm.dll+0x3bf612]  (no source info available)
V  [jvm.dll+0x7c48b7]  (no source info available)
V  [jvm.dll+0x2ce466]  (no source info available)
V  [jvm.dll+0x2cd641]  (no source info available)
V  [jvm.dll+0x24334a]  (no source info available)
V  [jvm.dll+0x2dd025]  (no source info available)
V  [jvm.dll+0x2db226]  (no source info available)
V  [jvm.dll+0x49c12e]  (no source info available)
V  [jvm.dll+0x9ad738]  (no source info available)
V  [jvm.dll+0x7bd585]  (no source info available)
C  [ucrtbase.dll+0x2cd30]  (no source info available)
C  [KERNEL32.DLL+0x2ccb7]  (no source info available)
C  [ntdll.dll+0xaad6c]  (no source info available)

Lock stack of current Java thread (top to bottom):


---------------  P R O C E S S  ---------------

Threads class SMR info:
_java_thread_list=0x000001945e2946e0, length=80, elements={
0x000001943a1e30a0, 0x00000194525cb4e0, 0x00000194525d1430, 0x0000019452a77e10,
0x0000019452a61940, 0x0000019452a62500, 0x0000019452a630c0, 0x0000019452a98fe0,
0x0000019452445050, 0x0000019452442800, 0x00000194524417e0, 0x0000019452444030,
0x0000019457022300, 0x0000019452445860, 0x0000019452441ff0, 0x0000019459a67210,
0x000001945848f380, 0x0000019459354f30, 0x00000194583b4fb0, 0x0000019459eaeee0,
0x0000019459ead770, 0x0000019459eaf6b0, 0x0000019459eb0650, 0x000001945a09fee0,
0x000001945a09ef40, 0x000001945a0a1e20, 0x000001945a0a2dc0, 0x000001945a0a5ca0,
0x000001945a0a6470, 0x000001945a0a4530, 0x0000019457006ba0, 0x0000019459ff73a0,
0x0000019459ff6bd0, 0x0000019459ff5c30, 0x0000019459ffb9f0, 0x0000019459ff9ab0,
0x000001945ce5d100, 0x000001945a5b8220, 0x000001945a5b9990, 0x000001945a5ba160,
0x0000019452446070, 0x000001945ce5e870, 0x00000194581fdfa0, 0x000001945d98aad0,
0x000001945d98a300, 0x000001945d98b2a0, 0x000001945d9883c0, 0x000001945d98c240,
0x000001945d98e180, 0x000001945d98ba70, 0x000001945d98e950, 0x000001945d98d1e0,
0x000001945d6e6100, 0x000001945d6e5160, 0x000001945d6e5930, 0x000001945d6e3220,
0x000001945d6e8040, 0x000001945d6e97b0, 0x000001945d6e8fe0, 0x000001945db91050,
0x000001945db91ff0, 0x000001945db927c0, 0x000001945db93760, 0x000001945db900b0,
0x000001945db95e70, 0x000001945db97db0, 0x000001945db96640, 0x000001945db98580,
0x000001945db975e0, 0x000001945db96e10, 0x000001945db9ac90, 0x000001945db9cbd0,
0x000001945db99520, 0x000001945db9d3a0, 0x000001945db9c400, 0x000001945d8487a0,
0x000001945d49b170, 0x000001945d52bfc0, 0x000001945d52a790, 0x000001945e183d00
}

Java Threads: ( => current thread )
  0x000001943a1e30a0 JavaThread "main"                              [_thread_blocked, id=19224, stack(0x0000000100600000,0x0000000100700000) (1024K)]
  0x00000194525cb4e0 JavaThread "Common-Cleaner"             daemon [_thread_blocked, id=6380, stack(0x0000000100e00000,0x0000000100f00000) (1024K)]
  0x00000194525d1430 JavaThread "Reference Handler"          daemon [_thread_blocked, id=16716, stack(0x0000000100f00000,0x0000000101000000) (1024K)]
  0x0000019452a77e10 JavaThread "Finalizer"                  daemon [_thread_blocked, id=3064, stack(0x0000000101000000,0x0000000101100000) (1024K)]
  0x0000019452a61940 JavaThread "Signal Dispatcher"          daemon [_thread_blocked, id=19876, stack(0x0000000101100000,0x0000000101200000) (1024K)]
  0x0000019452a62500 JavaThread "Attach Listener"            daemon [_thread_blocked, id=13220, stack(0x0000000101200000,0x0000000101300000) (1024K)]
  0x0000019452a630c0 JavaThread "Service Thread"             daemon [_thread_blocked, id=17732, stack(0x0000000101300000,0x0000000101400000) (1024K)]
  0x0000019452a98fe0 JavaThread "Monitor Deflation Thread"   daemon [_thread_blocked, id=8740, stack(0x0000000101400000,0x0000000101500000) (1024K)]
=>0x0000019452445050 JavaThread "C2 CompilerThread0"         daemon [_thread_in_native, id=22180, stack(0x0000000101500000,0x0000000101600000) (1024K)]
  0x0000019452442800 JavaThread "C1 CompilerThread0"         daemon [_thread_blocked, id=7592, stack(0x0000000101600000,0x0000000101700000) (1024K)]
  0x00000194524417e0 JavaThread "C1 CompilerThread1"         daemon [_thread_blocked, id=19388, stack(0x0000000101700000,0x0000000101800000) (1024K)]
  0x0000019452444030 JavaThread "C1 CompilerThread2"         daemon [_thread_blocked, id=21564, stack(0x0000000101800000,0x0000000101900000) (1024K)]
  0x0000019457022300 JavaThread "Notification Thread"        daemon [_thread_blocked, id=7620, stack(0x0000000101900000,0x0000000101a00000) (1024K)]
  0x0000019452445860 JavaThread "C1 CompilerThread3"         daemon [_thread_blocked, id=7400, stack(0x0000000101a00000,0x0000000101b00000) (1024K)]
  0x0000019452441ff0 JavaThread "C2 CompilerThread1"         daemon [_thread_in_native, id=19700, stack(0x0000000101b00000,0x0000000101c00000) (1024K)]
  0x0000019459a67210 JavaThread "Daemon health stats"               [_thread_blocked, id=15948, stack(0x0000000102400000,0x0000000102500000) (1024K)]
  0x000001945848f380 JavaThread "Incoming local TCP Connector on port 54734"        [_thread_in_native, id=17704, stack(0x0000000102500000,0x0000000102600000) (1024K)]
  0x0000019459354f30 JavaThread "Daemon periodic checks"            [_thread_blocked, id=13592, stack(0x0000000102600000,0x0000000102700000) (1024K)]
  0x00000194583b4fb0 JavaThread "Daemon"                            [_thread_blocked, id=11700, stack(0x0000000103000000,0x0000000103100000) (1024K)]
  0x0000019459eaeee0 JavaThread "Handler for socket connection from /127.0.0.1:54734 to /127.0.0.1:54735"        [_thread_in_native, id=1600, stack(0x0000000103100000,0x0000000103200000) (1024K)]
  0x0000019459ead770 JavaThread "Cancel handler"                    [_thread_blocked, id=456, stack(0x0000000103200000,0x0000000103300000) (1024K)]
  0x0000019459eaf6b0 JavaThread "Daemon worker"                     [_thread_blocked, id=10464, stack(0x0000000103300000,0x0000000103400000) (1024K)]
  0x0000019459eb0650 JavaThread "Asynchronous log dispatcher for DefaultDaemonConnection: socket connection from /127.0.0.1:54734 to /127.0.0.1:54735"        [_thread_blocked, id=23092, stack(0x0000000103400000,0x0000000103500000) (1024K)]
  0x000001945a09fee0 JavaThread "Stdin handler"                     [_thread_blocked, id=14304, stack(0x0000000103500000,0x0000000103600000) (1024K)]
  0x000001945a09ef40 JavaThread "Daemon client event forwarder"        [_thread_blocked, id=2176, stack(0x0000000103600000,0x0000000103700000) (1024K)]
  0x000001945a0a1e20 JavaThread "Cache worker for journal cache (C:\Users\ABDUL\.gradle\caches\journal-1)"        [_thread_blocked, id=6956, stack(0x0000000103700000,0x0000000103800000) (1024K)]
  0x000001945a0a2dc0 JavaThread "File lock request listener"        [_thread_in_native, id=1868, stack(0x0000000103800000,0x0000000103900000) (1024K)]
  0x000001945a0a5ca0 JavaThread "Cache worker for file hash cache (C:\Users\ABDUL\.gradle\caches\9.6.0\fileHashes)"        [_thread_blocked, id=7468, stack(0x0000000103900000,0x0000000103a00000) (1024K)]
  0x000001945a0a6470 JavaThread "Cache worker for file hash cache (C:\Users\ABDUL\Documents\apuntes\progra3\CYBER-QHATU\.gradle\9.6.0\fileHashes)"        [_thread_blocked, id=13580, stack(0x0000000101e00000,0x0000000101f00000) (1024K)]
  0x000001945a0a4530 JavaThread "Cache worker for checksums cache (C:\Users\ABDUL\Documents\apuntes\progra3\CYBER-QHATU\.gradle\9.6.0\checksums)"        [_thread_blocked, id=21240, stack(0x0000000103a00000,0x0000000103b00000) (1024K)]
  0x0000019457006ba0 JavaThread "Cache worker for Build Output Cleanup Cache (C:\Users\ABDUL\Documents\apuntes\progra3\CYBER-QHATU\.gradle\buildOutputCleanup)"        [_thread_blocked, id=23088, stack(0x0000000103b00000,0x0000000103c00000) (1024K)]
  0x0000019459ff73a0 JavaThread "Cache worker for file content cache (C:\Users\ABDUL\.gradle\caches\9.6.0\fileContent)"        [_thread_blocked, id=4020, stack(0x0000000103c00000,0x0000000103d00000) (1024K)]
  0x0000019459ff6bd0 JavaThread "File watcher server"        daemon [_thread_in_native, id=1592, stack(0x0000000103d00000,0x0000000103e00000) (1024K)]
  0x0000019459ff5c30 JavaThread "File watcher consumer"      daemon [_thread_blocked, id=16560, stack(0x0000000103e00000,0x0000000103f00000) (1024K)]
  0x0000019459ffb9f0 JavaThread "Cache worker for cache directory md-supplier (C:\Users\ABDUL\.gradle\caches\9.6.0\md-supplier)"        [_thread_blocked, id=20984, stack(0x0000000103f00000,0x0000000104000000) (1024K)]
  0x0000019459ff9ab0 JavaThread "Cache worker for cache directory md-rule (C:\Users\ABDUL\.gradle\caches\9.6.0\md-rule)"        [_thread_blocked, id=11576, stack(0x0000000104000000,0x0000000104100000) (1024K)]
  0x000001945ce5d100 JavaThread "build event listener"              [_thread_blocked, id=5664, stack(0x0000000104200000,0x0000000104300000) (1024K)]
  0x000001945a5b8220 JavaThread "build event listener"              [_thread_blocked, id=16684, stack(0x0000000104300000,0x0000000104400000) (1024K)]
  0x000001945a5b9990 JavaThread "build event listener"              [_thread_blocked, id=1692, stack(0x0000000101c00000,0x0000000101d00000) (1024K)]
  0x000001945a5ba160 JavaThread "Build operations"                  [_thread_blocked, id=16400, stack(0x0000000101d00000,0x0000000101e00000) (1024K)]
  0x0000019452446070 JavaThread "C2 CompilerThread2"         daemon [_thread_in_native, id=11616, stack(0x0000000104100000,0x0000000104200000) (1024K)]
  0x000001945ce5e870 JavaThread "Memory manager"                    [_thread_blocked, id=23032, stack(0x0000000104400000,0x0000000104500000) (1024K)]
  0x00000194581fdfa0 JavaThread "C2 CompilerThread3"         daemon [_thread_in_native, id=16776, stack(0x0000000104500000,0x0000000104600000) (1024K)]
  0x000001945d98aad0 JavaThread "included builds"                   [_thread_blocked, id=16952, stack(0x0000000104600000,0x0000000104700000) (1024K)]
  0x000001945d98a300 JavaThread "Execution worker"                  [_thread_blocked, id=17332, stack(0x0000000104700000,0x0000000104800000) (1024K)]
  0x000001945d98b2a0 JavaThread "Execution worker Thread 2"         [_thread_blocked, id=20340, stack(0x0000000104800000,0x0000000104900000) (1024K)]
  0x000001945d9883c0 JavaThread "Execution worker Thread 3"         [_thread_blocked, id=2936, stack(0x0000000104900000,0x0000000104a00000) (1024K)]
  0x000001945d98c240 JavaThread "Execution worker Thread 4"         [_thread_blocked, id=14284, stack(0x0000000104a00000,0x0000000104b00000) (1024K)]
  0x000001945d98e180 JavaThread "Execution worker Thread 5"         [_thread_blocked, id=13228, stack(0x0000000104b00000,0x0000000104c00000) (1024K)]
  0x000001945d98ba70 JavaThread "Execution worker Thread 6"         [_thread_blocked, id=22332, stack(0x0000000104c00000,0x0000000104d00000) (1024K)]
  0x000001945d98e950 JavaThread "Execution worker Thread 7"         [_thread_blocked, id=3236, stack(0x0000000104d00000,0x0000000104e00000) (1024K)]
  0x000001945d98d1e0 JavaThread "Execution worker Thread 8"         [_thread_blocked, id=16720, stack(0x0000000104e00000,0x0000000104f00000) (1024K)]
  0x000001945d6e6100 JavaThread "Execution worker Thread 9"         [_thread_blocked, id=15824, stack(0x0000000104f00000,0x0000000105000000) (1024K)]
  0x000001945d6e5160 JavaThread "Execution worker Thread 10"        [_thread_in_vm, id=20460, stack(0x0000000105000000,0x0000000105100000) (1024K)]
  0x000001945d6e5930 JavaThread "Execution worker Thread 11"        [_thread_blocked, id=8764, stack(0x0000000105100000,0x0000000105200000) (1024K)]
  0x000001945d6e3220 JavaThread "Execution worker Thread 12"        [_thread_blocked, id=22368, stack(0x0000000105200000,0x0000000105300000) (1024K)]
  0x000001945d6e8040 JavaThread "Execution worker Thread 13"        [_thread_blocked, id=16764, stack(0x0000000105300000,0x0000000105400000) (1024K)]
  0x000001945d6e97b0 JavaThread "Execution worker Thread 14"        [_thread_in_native, id=14148, stack(0x0000000105400000,0x0000000105500000) (1024K)]
  0x000001945d6e8fe0 JavaThread "Execution worker Thread 15"        [_thread_blocked, id=16800, stack(0x0000000105500000,0x0000000105600000) (1024K)]
  0x000001945db91050 JavaThread "Cache worker for execution history cache (C:\Users\ABDUL\Documents\apuntes\progra3\CYBER-QHATU\.gradle\9.6.0\executionHistory)"        [_thread_blocked, id=10460, stack(0x0000000105600000,0x0000000105700000) (1024K)]
  0x000001945db91ff0 JavaThread "Build operations Thread 2"         [_thread_blocked, id=21268, stack(0x0000000105700000,0x0000000105800000) (1024K)]
  0x000001945db927c0 JavaThread "Build operations Thread 3"         [_thread_blocked, id=20756, stack(0x0000000105800000,0x0000000105900000) (1024K)]
  0x000001945db93760 JavaThread "Build operations Thread 5"         [_thread_blocked, id=22176, stack(0x0000000105900000,0x0000000105a00000) (1024K)]
  0x000001945db900b0 JavaThread "Build operations Thread 4"         [_thread_blocked, id=23156, stack(0x0000000105a00000,0x0000000105b00000) (1024K)]
  0x000001945db95e70 JavaThread "Build operations Thread 6"         [_thread_blocked, id=8148, stack(0x0000000105b00000,0x0000000105c00000) (1024K)]
  0x000001945db97db0 JavaThread "Build operations Thread 8"         [_thread_blocked, id=18200, stack(0x0000000105c00000,0x0000000105d00000) (1024K)]
  0x000001945db96640 JavaThread "Build operations Thread 9"         [_thread_blocked, id=18196, stack(0x0000000105d00000,0x0000000105e00000) (1024K)]
  0x000001945db98580 JavaThread "Build operations Thread 7"         [_thread_blocked, id=15932, stack(0x0000000105e00000,0x0000000105f00000) (1024K)]
  0x000001945db975e0 JavaThread "Build operations Thread 10"        [_thread_blocked, id=13468, stack(0x0000000105f00000,0x0000000106000000) (1024K)]
  0x000001945db96e10 JavaThread "Build operations Thread 12"        [_thread_blocked, id=2996, stack(0x0000000106000000,0x0000000106100000) (1024K)]
  0x000001945db9ac90 JavaThread "Build operations Thread 11"        [_thread_blocked, id=22768, stack(0x0000000106100000,0x0000000106200000) (1024K)]
  0x000001945db9cbd0 JavaThread "Build operations Thread 13"        [_thread_blocked, id=15792, stack(0x0000000106200000,0x0000000106300000) (1024K)]
  0x000001945db99520 JavaThread "Build operations Thread 14"        [_thread_blocked, id=23404, stack(0x0000000106300000,0x0000000106400000) (1024K)]
  0x000001945db9d3a0 JavaThread "Build operations Thread 15"        [_thread_blocked, id=7056, stack(0x0000000106400000,0x0000000106500000) (1024K)]
  0x000001945db9c400 JavaThread "Build operations Thread 16"        [_thread_blocked, id=16520, stack(0x0000000106500000,0x0000000106600000) (1024K)]
  0x000001945d8487a0 JavaThread "C2 CompilerThread4"         daemon [_thread_in_native, id=3944, stack(0x0000000106600000,0x0000000106700000) (1024K)]
  0x000001945d49b170 JavaThread "C2 CompilerThread5"         daemon [_thread_in_native, id=2216, stack(0x0000000106700000,0x0000000106800000) (1024K)]
  0x000001945d52bfc0 JavaThread "C2 CompilerThread6"         daemon [_thread_in_native, id=1140, stack(0x0000000106800000,0x0000000106900000) (1024K)]
  0x000001945d52a790 JavaThread "C2 CompilerThread7"         daemon [_thread_in_native, id=8772, stack(0x0000000106900000,0x0000000106a00000) (1024K)]
  0x000001945e183d00 JavaThread "pool-2-thread-1"                   [_thread_blocked, id=23388, stack(0x0000000106a00000,0x0000000106b00000) (1024K)]
Total: 80

Other Threads:
  0x00000194525a8020 VMThread "VM Thread"                           [id=1704, stack(0x0000000100d00000,0x0000000100e00000) (1024K)]
  0x00000194525684a0 WatcherThread "VM Periodic Task Thread"        [id=23152, stack(0x0000000100c00000,0x0000000100d00000) (1024K)]
  0x000001943a241870 WorkerThread "GC Thread#0"                     [id=22728, stack(0x0000000100700000,0x0000000100800000) (1024K)]
  0x0000019458275bc0 WorkerThread "GC Thread#1"                     [id=2720, stack(0x0000000101f00000,0x0000000102000000) (1024K)]
  0x0000019458276400 WorkerThread "GC Thread#2"                     [id=19936, stack(0x0000000102000000,0x0000000102100000) (1024K)]
  0x0000019458276c40 WorkerThread "GC Thread#3"                     [id=7600, stack(0x0000000102100000,0x0000000102200000) (1024K)]
  0x0000019458277070 WorkerThread "GC Thread#4"                     [id=10432, stack(0x0000000102200000,0x0000000102300000) (1024K)]
  0x00000194575a74f0 WorkerThread "GC Thread#5"                     [id=9484, stack(0x0000000102300000,0x0000000102400000) (1024K)]
  0x0000019458441d00 WorkerThread "GC Thread#6"                     [id=7040, stack(0x0000000102700000,0x0000000102800000) (1024K)]
  0x000001945843e0a0 WorkerThread "GC Thread#7"                     [id=18420, stack(0x0000000102800000,0x0000000102900000) (1024K)]
  0x0000019458441010 WorkerThread "GC Thread#8"                     [id=6624, stack(0x0000000102900000,0x0000000102a00000) (1024K)]
  0x0000019458442150 WorkerThread "GC Thread#9"                     [id=3588, stack(0x0000000102a00000,0x0000000102b00000) (1024K)]
  0x000001945843e4f0 WorkerThread "GC Thread#10"                    [id=15780, stack(0x0000000102b00000,0x0000000102c00000) (1024K)]
  0x0000019458440320 WorkerThread "GC Thread#11"                    [id=18916, stack(0x0000000102c00000,0x0000000102d00000) (1024K)]
  0x00000194584425a0 WorkerThread "GC Thread#12"                    [id=3592, stack(0x0000000102d00000,0x0000000102e00000) (1024K)]
  0x000001943a25a940 ConcurrentGCThread "G1 Main Marker"            [id=16796, stack(0x0000000100800000,0x0000000100900000) (1024K)]
  0x000001943a25c320 WorkerThread "G1 Conc#0"                       [id=23172, stack(0x0000000100900000,0x0000000100a00000) (1024K)]
  0x00000194584429f0 WorkerThread "G1 Conc#1"                       [id=9340, stack(0x0000000102e00000,0x0000000102f00000) (1024K)]
  0x0000019458442e40 WorkerThread "G1 Conc#2"                       [id=17200, stack(0x0000000102f00000,0x0000000103000000) (1024K)]
  0x0000019452432950 ConcurrentGCThread "G1 Refine#0"               [id=17616, stack(0x0000000100a00000,0x0000000100b00000) (1024K)]
  0x0000019452433560 ConcurrentGCThread "G1 Service"                [id=13604, stack(0x0000000100b00000,0x0000000100c00000) (1024K)]
Total: 21

Threads with active compile tasks:
C2 CompilerThread0  6633 7660       4       java.lang.invoke.MethodHandleImpl::makePairwiseConvertByEditor (617 bytes)
C2 CompilerThread1  6633 9752       4       org.gradle.internal.snapshot.RegularFileSnapshot::accept (8 bytes)
C2 CompilerThread2  6633 9499       4       org.gradle.internal.snapshot.DirectorySnapshot$$Lambda/0x00000000186d1160::accept (16 bytes)
C2 CompilerThread3  6633 9928       4       org.gradle.internal.snapshot.ChildMap$Entry::handlePath (135 bytes)
C2 CompilerThread4  6633 9751   !   4       org.gradle.internal.snapshot.FileSystemLeafSnapshot::accept (36 bytes)
C2 CompilerThread5  6633 9756   !   4       org.gradle.internal.fingerprint.classpath.impl.ClasspathFingerprintingStrategy$ClasspathFingerprintingVisitor::hashContent (133 bytes)
C2 CompilerThread6  6633 9753       4       org.gradle.internal.fingerprint.classpath.impl.ClasspathFingerprintingStrategy$ClasspathFingerprintingVisitor$1::visitRegularFile (132 bytes)
C2 CompilerThread7  6633 9856       4       java.util.stream.ReferencePipeline::collect (124 bytes)
Total: 8

VM state: not at safepoint (normal execution)

VM Mutex/Monitor currently owned by a thread: None

Heap address: 0x0000000080000000, size: 2048 MB, Compressed Oops mode: 32-bit

CDS archive(s) not mapped
Compressed class space mapped at: 0x0000000018000000-0x0000000058000000, reserved size: 1073741824
UseCompressedClassPointers 1, UseCompactObjectHeaders 0
Narrow klass pointer bits 32, Max shift 3
Narrow klass base: 0x0000000000000000, Narrow klass shift: 0
Encoding Range: [0x0000000000000000 - 0x0000000100000000), (4294967296 bytes)
Klass Range:    [0x0000000018000000 - 0x0000000058000000), (1073741824 bytes)
Klass ID Range:  [402653184 - 1476395001) (1073741817)
No protection zone.

GC Precious Log:
 CardTable entry size: 512
 Card Set container configuration: InlinePtr #cards 5 size 8 Array Of Cards #cards 10 size 36 Howl #buckets 4 coarsen threshold 1843 Howl Bitmap #cards 512 size 80 coarsen threshold 460 Card regions per heap region 1 cards per card region 2048
 CPUs: 16 total, 16 available
 Memory: 16085M
 Large Page Support: Disabled
 NUMA Support: Disabled
 Compressed Oops: Enabled (32-bit)
 Heap Region Size: 1M
 Heap Min Capacity: 8M
 Heap Initial Capacity: 252M
 Heap Max Capacity: 2G
 Pre-touch: Disabled
 Parallel Workers: 13
 Concurrent Workers: 3
 Concurrent Refinement Workers: 13
 Periodic GC: Disabled

Heap:
 garbage-first heap   total reserved 2097152K, committed 176128K, used 125995K [0x0000000080000000, 0x0000000100000000)
  region size 1024K, 56 young (57344K), 6 survivors (6144K)

Heap Regions: E=young(eden), S=young(survivor), O=old, HS=humongous(starts), HC=humongous(continues), CS=collection set, F=free, TAMS=top-at-mark-start, PB=parsable bottom
|   0|0x0000000080000000, 0x0000000080100000, 0x0000000080100000|100%|HS|  |TAMS 0x0000000080000000| PB 0x0000000080000000| Complete |  0
|   1|0x0000000080100000, 0x0000000080200000, 0x0000000080200000|100%|HC|  |TAMS 0x0000000080100000| PB 0x0000000080100000| Complete |  0
|   2|0x0000000080200000, 0x0000000080300000, 0x0000000080300000|100%|HC|  |TAMS 0x0000000080200000| PB 0x0000000080200000| Complete |  0
|   3|0x0000000080300000, 0x0000000080400000, 0x0000000080400000|100%|HC|  |TAMS 0x0000000080300000| PB 0x0000000080300000| Complete |  0
|   4|0x0000000080400000, 0x0000000080500000, 0x0000000080500000|100%| O|  |TAMS 0x0000000080400000| PB 0x0000000080400000| Untracked |  0
|   5|0x0000000080500000, 0x0000000080600000, 0x0000000080600000|100%| O|  |TAMS 0x0000000080500000| PB 0x0000000080500000| Untracked |  0
|   6|0x0000000080600000, 0x0000000080700000, 0x0000000080700000|100%|HS|  |TAMS 0x0000000080600000| PB 0x0000000080600000| Complete |  0
|   7|0x0000000080700000, 0x0000000080800000, 0x0000000080800000|100%| O|  |TAMS 0x0000000080700000| PB 0x0000000080700000| Untracked |  0
|   8|0x0000000080800000, 0x0000000080900000, 0x0000000080900000|100%| O|  |TAMS 0x0000000080800000| PB 0x0000000080800000| Untracked |  0
|   9|0x0000000080900000, 0x0000000080a00000, 0x0000000080a00000|100%| O|  |TAMS 0x0000000080900000| PB 0x0000000080900000| Untracked |  0
|  10|0x0000000080a00000, 0x0000000080b00000, 0x0000000080b00000|100%| O|  |TAMS 0x0000000080a00000| PB 0x0000000080a00000| Untracked |  0
|  11|0x0000000080b00000, 0x0000000080c00000, 0x0000000080c00000|100%| O|  |TAMS 0x0000000080b00000| PB 0x0000000080b00000| Untracked |  0
|  12|0x0000000080c00000, 0x0000000080d00000, 0x0000000080d00000|100%| O|  |TAMS 0x0000000080c00000| PB 0x0000000080c00000| Untracked |  0
|  13|0x0000000080d00000, 0x0000000080e00000, 0x0000000080e00000|100%| O|  |TAMS 0x0000000080d00000| PB 0x0000000080d00000| Untracked |  0
|  14|0x0000000080e00000, 0x0000000080f00000, 0x0000000080f00000|100%| O|  |TAMS 0x0000000080e00000| PB 0x0000000080e00000| Untracked |  0
|  15|0x0000000080f00000, 0x0000000081000000, 0x0000000081000000|100%| O|  |TAMS 0x0000000080f00000| PB 0x0000000080f00000| Untracked |  0
|  16|0x0000000081000000, 0x0000000081100000, 0x0000000081100000|100%| O|  |TAMS 0x0000000081000000| PB 0x0000000081000000| Untracked |  0
|  17|0x0000000081100000, 0x0000000081200000, 0x0000000081200000|100%|HS|  |TAMS 0x0000000081100000| PB 0x0000000081100000| Complete |  0
|  18|0x0000000081200000, 0x0000000081300000, 0x0000000081300000|100%|HS|  |TAMS 0x0000000081200000| PB 0x0000000081200000| Complete |  0
|  19|0x0000000081300000, 0x0000000081400000, 0x0000000081400000|100%|HS|  |TAMS 0x0000000081300000| PB 0x0000000081300000| Complete |  0
|  20|0x0000000081400000, 0x0000000081500000, 0x0000000081500000|100%|HS|  |TAMS 0x0000000081400000| PB 0x0000000081400000| Complete |  0
|  21|0x0000000081500000, 0x0000000081600000, 0x0000000081600000|100%|HC|  |TAMS 0x0000000081500000| PB 0x0000000081500000| Complete |  0
|  22|0x0000000081600000, 0x0000000081700000, 0x0000000081700000|100%|HS|  |TAMS 0x0000000081600000| PB 0x0000000081600000| Complete |  0
|  23|0x0000000081700000, 0x0000000081800000, 0x0000000081800000|100%|HS|  |TAMS 0x0000000081700000| PB 0x0000000081700000| Complete |  0
|  24|0x0000000081800000, 0x0000000081900000, 0x0000000081900000|100%| O|  |TAMS 0x0000000081800000| PB 0x0000000081800000| Untracked |  0
|  25|0x0000000081900000, 0x0000000081a00000, 0x0000000081a00000|100%| O|  |TAMS 0x0000000081900000| PB 0x0000000081900000| Untracked |  0
|  26|0x0000000081a00000, 0x0000000081b00000, 0x0000000081b00000|100%| O|  |TAMS 0x0000000081a00000| PB 0x0000000081a00000| Untracked |  0
|  27|0x0000000081b00000, 0x0000000081c00000, 0x0000000081c00000|100%|HS|  |TAMS 0x0000000081b00000| PB 0x0000000081b00000| Complete |  0
|  28|0x0000000081c00000, 0x0000000081d00000, 0x0000000081d00000|100%| O|  |TAMS 0x0000000081c00000| PB 0x0000000081c00000| Untracked |  0
|  29|0x0000000081d00000, 0x0000000081e00000, 0x0000000081e00000|100%| O|  |TAMS 0x0000000081d00000| PB 0x0000000081d00000| Untracked |  0
|  30|0x0000000081e00000, 0x0000000081f00000, 0x0000000081f00000|100%|HS|  |TAMS 0x0000000081e00000| PB 0x0000000081e00000| Complete |  0
|  31|0x0000000081f00000, 0x0000000082000000, 0x0000000082000000|100%|HS|  |TAMS 0x0000000081f00000| PB 0x0000000081f00000| Complete |  0
|  32|0x0000000082000000, 0x0000000082100000, 0x0000000082100000|100%|HC|  |TAMS 0x0000000082000000| PB 0x0000000082000000| Complete |  0
|  33|0x0000000082100000, 0x0000000082200000, 0x0000000082200000|100%| O|  |TAMS 0x0000000082100000| PB 0x0000000082100000| Untracked |  0
|  34|0x0000000082200000, 0x0000000082300000, 0x0000000082300000|100%| O|  |TAMS 0x0000000082200000| PB 0x0000000082200000| Untracked |  0
|  35|0x0000000082300000, 0x0000000082400000, 0x0000000082400000|100%| O|  |TAMS 0x0000000082300000| PB 0x0000000082300000| Untracked |  0
|  36|0x0000000082400000, 0x0000000082500000, 0x0000000082500000|100%| O|  |TAMS 0x0000000082400000| PB 0x0000000082400000| Untracked |  0
|  37|0x0000000082500000, 0x0000000082600000, 0x0000000082600000|100%| O|  |TAMS 0x0000000082500000| PB 0x0000000082500000| Untracked |  0
|  38|0x0000000082600000, 0x0000000082700000, 0x0000000082700000|100%| O|  |TAMS 0x0000000082600000| PB 0x0000000082600000| Untracked |  0
|  39|0x0000000082700000, 0x0000000082800000, 0x0000000082800000|100%| O|  |TAMS 0x0000000082700000| PB 0x0000000082700000| Untracked |  0
|  40|0x0000000082800000, 0x0000000082900000, 0x0000000082900000|100%| O|  |TAMS 0x0000000082800000| PB 0x0000000082800000| Untracked |  0
|  41|0x0000000082900000, 0x0000000082a00000, 0x0000000082a00000|100%| O|  |TAMS 0x0000000082900000| PB 0x0000000082900000| Untracked |  0
|  42|0x0000000082a00000, 0x0000000082b00000, 0x0000000082b00000|100%|HS|  |TAMS 0x0000000082a00000| PB 0x0000000082a00000| Complete |  0
|  43|0x0000000082b00000, 0x0000000082c00000, 0x0000000082c00000|100%| O|  |TAMS 0x0000000082b00000| PB 0x0000000082b00000| Untracked |  0
|  44|0x0000000082c00000, 0x0000000082d00000, 0x0000000082d00000|100%| O|  |TAMS 0x0000000082c00000| PB 0x0000000082c00000| Untracked |  0
|  45|0x0000000082d00000, 0x0000000082e00000, 0x0000000082e00000|100%| O|  |TAMS 0x0000000082d00000| PB 0x0000000082d00000| Untracked |  0
|  46|0x0000000082e00000, 0x0000000082f00000, 0x0000000082f00000|100%| O|  |TAMS 0x0000000082e00000| PB 0x0000000082e00000| Untracked |  0
|  47|0x0000000082f00000, 0x0000000083000000, 0x0000000083000000|100%| O|  |TAMS 0x0000000082f00000| PB 0x0000000082f00000| Untracked |  0
|  48|0x0000000083000000, 0x0000000083100000, 0x0000000083100000|100%| O|  |TAMS 0x0000000083000000| PB 0x0000000083000000| Untracked |  0
|  49|0x0000000083100000, 0x0000000083200000, 0x0000000083200000|100%| O|  |TAMS 0x0000000083100000| PB 0x0000000083100000| Untracked |  0
|  50|0x0000000083200000, 0x0000000083300000, 0x0000000083300000|100%| O|  |TAMS 0x0000000083200000| PB 0x0000000083200000| Untracked |  0
|  51|0x0000000083300000, 0x0000000083400000, 0x0000000083400000|100%| O|  |TAMS 0x0000000083300000| PB 0x0000000083300000| Untracked |  0
|  52|0x0000000083400000, 0x0000000083500000, 0x0000000083500000|100%| O|  |TAMS 0x0000000083400000| PB 0x0000000083400000| Untracked |  0
|  53|0x0000000083500000, 0x0000000083600000, 0x0000000083600000|100%| O|  |TAMS 0x0000000083500000| PB 0x0000000083500000| Untracked |  0
|  54|0x0000000083600000, 0x0000000083700000, 0x0000000083700000|100%| O|  |TAMS 0x0000000083600000| PB 0x0000000083600000| Untracked |  0
|  55|0x0000000083700000, 0x0000000083800000, 0x0000000083800000|100%| O|  |TAMS 0x0000000083700000| PB 0x0000000083700000| Untracked |  0
|  56|0x0000000083800000, 0x0000000083900000, 0x0000000083900000|100%| O|  |TAMS 0x0000000083800000| PB 0x0000000083800000| Untracked |  0
|  57|0x0000000083900000, 0x0000000083900000, 0x0000000083a00000|  0%| F|  |TAMS 0x0000000083900000| PB 0x0000000083900000| Untracked |  0
|  58|0x0000000083a00000, 0x0000000083ad2330, 0x0000000083b00000| 82%| O|  |TAMS 0x0000000083a00000| PB 0x0000000083a00000| Untracked |  0
|  59|0x0000000083b00000, 0x0000000083b00000, 0x0000000083c00000|  0%| F|  |TAMS 0x0000000083b00000| PB 0x0000000083b00000| Untracked |  0
|  60|0x0000000083c00000, 0x0000000083d00000, 0x0000000083d00000|100%| O|  |TAMS 0x0000000083c00000| PB 0x0000000083c00000| Untracked |  0
|  61|0x0000000083d00000, 0x0000000083d00000, 0x0000000083e00000|  0%| F|  |TAMS 0x0000000083d00000| PB 0x0000000083d00000| Untracked |  0
|  62|0x0000000083e00000, 0x0000000083f00000, 0x0000000083f00000|100%| O|  |TAMS 0x0000000083e00000| PB 0x0000000083e00000| Untracked |  0
|  63|0x0000000083f00000, 0x0000000084000000, 0x0000000084000000|100%| O|  |TAMS 0x0000000083f00000| PB 0x0000000083f00000| Untracked |  0
|  64|0x0000000084000000, 0x00000000840388e0, 0x0000000084100000| 22%| S|CS|TAMS 0x0000000084000000| PB 0x0000000084000000| Complete |  0
|  65|0x0000000084100000, 0x0000000084200000, 0x0000000084200000|100%| S|CS|TAMS 0x0000000084100000| PB 0x0000000084100000| Complete |  0
|  66|0x0000000084200000, 0x0000000084300000, 0x0000000084300000|100%| S|CS|TAMS 0x0000000084200000| PB 0x0000000084200000| Complete |  0
|  67|0x0000000084300000, 0x0000000084400000, 0x0000000084400000|100%| S|CS|TAMS 0x0000000084300000| PB 0x0000000084300000| Complete |  0
|  68|0x0000000084400000, 0x0000000084500000, 0x0000000084500000|100%| S|CS|TAMS 0x0000000084400000| PB 0x0000000084400000| Complete |  0
|  69|0x0000000084500000, 0x0000000084600000, 0x0000000084600000|100%| S|CS|TAMS 0x0000000084500000| PB 0x0000000084500000| Complete |  0
|  70|0x0000000084600000, 0x0000000084600000, 0x0000000084700000|  0%| F|  |TAMS 0x0000000084600000| PB 0x0000000084600000| Untracked |  0
|  71|0x0000000084700000, 0x0000000084700000, 0x0000000084800000|  0%| F|  |TAMS 0x0000000084700000| PB 0x0000000084700000| Untracked |  0
|  72|0x0000000084800000, 0x0000000084800000, 0x0000000084900000|  0%| F|  |TAMS 0x0000000084800000| PB 0x0000000084800000| Untracked |  0
|  73|0x0000000084900000, 0x0000000084900000, 0x0000000084a00000|  0%| F|  |TAMS 0x0000000084900000| PB 0x0000000084900000| Untracked |  0
|  74|0x0000000084a00000, 0x0000000084a00000, 0x0000000084b00000|  0%| F|  |TAMS 0x0000000084a00000| PB 0x0000000084a00000| Untracked |  0
|  75|0x0000000084b00000, 0x0000000084b00000, 0x0000000084c00000|  0%| F|  |TAMS 0x0000000084b00000| PB 0x0000000084b00000| Untracked |  0
|  76|0x0000000084c00000, 0x0000000084c00000, 0x0000000084d00000|  0%| F|  |TAMS 0x0000000084c00000| PB 0x0000000084c00000| Untracked |  0
|  77|0x0000000084d00000, 0x0000000084d00000, 0x0000000084e00000|  0%| F|  |TAMS 0x0000000084d00000| PB 0x0000000084d00000| Untracked |  0
|  78|0x0000000084e00000, 0x0000000084e00000, 0x0000000084f00000|  0%| F|  |TAMS 0x0000000084e00000| PB 0x0000000084e00000| Untracked |  0
|  79|0x0000000084f00000, 0x0000000084f00000, 0x0000000085000000|  0%| F|  |TAMS 0x0000000084f00000| PB 0x0000000084f00000| Untracked |  0
|  80|0x0000000085000000, 0x0000000085000000, 0x0000000085100000|  0%| F|  |TAMS 0x0000000085000000| PB 0x0000000085000000| Untracked |  0
|  81|0x0000000085100000, 0x0000000085100000, 0x0000000085200000|  0%| F|  |TAMS 0x0000000085100000| PB 0x0000000085100000| Untracked |  0
|  82|0x0000000085200000, 0x0000000085200000, 0x0000000085300000|  0%| F|  |TAMS 0x0000000085200000| PB 0x0000000085200000| Untracked |  0
|  83|0x0000000085300000, 0x0000000085300000, 0x0000000085400000|  0%| F|  |TAMS 0x0000000085300000| PB 0x0000000085300000| Untracked |  0
|  84|0x0000000085400000, 0x0000000085400000, 0x0000000085500000|  0%| F|  |TAMS 0x0000000085400000| PB 0x0000000085400000| Untracked |  0
|  85|0x0000000085500000, 0x0000000085500000, 0x0000000085600000|  0%| F|  |TAMS 0x0000000085500000| PB 0x0000000085500000| Untracked |  0
|  86|0x0000000085600000, 0x0000000085600000, 0x0000000085700000|  0%| F|  |TAMS 0x0000000085600000| PB 0x0000000085600000| Untracked |  0
|  87|0x0000000085700000, 0x0000000085700000, 0x0000000085800000|  0%| F|  |TAMS 0x0000000085700000| PB 0x0000000085700000| Untracked |  0
|  88|0x0000000085800000, 0x0000000085800000, 0x0000000085900000|  0%| F|  |TAMS 0x0000000085800000| PB 0x0000000085800000| Untracked |  0
|  89|0x0000000085900000, 0x0000000085900000, 0x0000000085a00000|  0%| F|  |TAMS 0x0000000085900000| PB 0x0000000085900000| Untracked |  0
|  90|0x0000000085a00000, 0x0000000085a00000, 0x0000000085b00000|  0%| F|  |TAMS 0x0000000085a00000| PB 0x0000000085a00000| Untracked |  0
|  91|0x0000000085b00000, 0x0000000085b00000, 0x0000000085c00000|  0%| F|  |TAMS 0x0000000085b00000| PB 0x0000000085b00000| Untracked |  0
|  92|0x0000000085c00000, 0x0000000085c00000, 0x0000000085d00000|  0%| F|  |TAMS 0x0000000085c00000| PB 0x0000000085c00000| Untracked |  0
|  93|0x0000000085d00000, 0x0000000085d00000, 0x0000000085e00000|  0%| F|  |TAMS 0x0000000085d00000| PB 0x0000000085d00000| Untracked |  0
|  94|0x0000000085e00000, 0x0000000085e00000, 0x0000000085f00000|  0%| F|  |TAMS 0x0000000085e00000| PB 0x0000000085e00000| Untracked |  0
|  95|0x0000000085f00000, 0x0000000085f00000, 0x0000000086000000|  0%| F|  |TAMS 0x0000000085f00000| PB 0x0000000085f00000| Untracked |  0
|  96|0x0000000086000000, 0x0000000086000000, 0x0000000086100000|  0%| F|  |TAMS 0x0000000086000000| PB 0x0000000086000000| Untracked |  0
|  97|0x0000000086100000, 0x0000000086100000, 0x0000000086200000|  0%| F|  |TAMS 0x0000000086100000| PB 0x0000000086100000| Untracked |  0
|  98|0x0000000086200000, 0x0000000086200000, 0x0000000086300000|  0%| F|  |TAMS 0x0000000086200000| PB 0x0000000086200000| Untracked |  0
|  99|0x0000000086300000, 0x0000000086300000, 0x0000000086400000|  0%| F|  |TAMS 0x0000000086300000| PB 0x0000000086300000| Untracked |  0
| 100|0x0000000086400000, 0x0000000086400000, 0x0000000086500000|  0%| F|  |TAMS 0x0000000086400000| PB 0x0000000086400000| Untracked |  0
| 101|0x0000000086500000, 0x0000000086500000, 0x0000000086600000|  0%| F|  |TAMS 0x0000000086500000| PB 0x0000000086500000| Untracked |  0
| 102|0x0000000086600000, 0x0000000086600000, 0x0000000086700000|  0%| F|  |TAMS 0x0000000086600000| PB 0x0000000086600000| Untracked |  0
| 103|0x0000000086700000, 0x0000000086700000, 0x0000000086800000|  0%| F|  |TAMS 0x0000000086700000| PB 0x0000000086700000| Untracked |  0
| 104|0x0000000086800000, 0x0000000086800000, 0x0000000086900000|  0%| F|  |TAMS 0x0000000086800000| PB 0x0000000086800000| Untracked |  0
| 105|0x0000000086900000, 0x0000000086900000, 0x0000000086a00000|  0%| F|  |TAMS 0x0000000086900000| PB 0x0000000086900000| Untracked |  0
| 106|0x0000000086a00000, 0x0000000086a00000, 0x0000000086b00000|  0%| F|  |TAMS 0x0000000086a00000| PB 0x0000000086a00000| Untracked |  0
| 107|0x0000000086b00000, 0x0000000086b00000, 0x0000000086c00000|  0%| F|  |TAMS 0x0000000086b00000| PB 0x0000000086b00000| Untracked |  0
| 108|0x0000000086c00000, 0x0000000086c00000, 0x0000000086d00000|  0%| F|  |TAMS 0x0000000086c00000| PB 0x0000000086c00000| Untracked |  0
| 109|0x0000000086d00000, 0x0000000086d00000, 0x0000000086e00000|  0%| F|  |TAMS 0x0000000086d00000| PB 0x0000000086d00000| Untracked |  0
| 110|0x0000000086e00000, 0x0000000086e00000, 0x0000000086f00000|  0%| F|  |TAMS 0x0000000086e00000| PB 0x0000000086e00000| Untracked |  0
| 111|0x0000000086f00000, 0x0000000086f00000, 0x0000000087000000|  0%| F|  |TAMS 0x0000000086f00000| PB 0x0000000086f00000| Untracked |  0
| 112|0x0000000087000000, 0x0000000087000000, 0x0000000087100000|  0%| F|  |TAMS 0x0000000087000000| PB 0x0000000087000000| Untracked |  0
| 113|0x0000000087100000, 0x00000000871b48e0, 0x0000000087200000| 70%| E|  |TAMS 0x0000000087100000| PB 0x0000000087100000| Complete |  0
| 114|0x0000000087200000, 0x0000000087300000, 0x0000000087300000|100%| E|  |TAMS 0x0000000087200000| PB 0x0000000087200000| Complete |  0
| 115|0x0000000087300000, 0x0000000087400000, 0x0000000087400000|100%| E|CS|TAMS 0x0000000087300000| PB 0x0000000087300000| Complete |  0
| 116|0x0000000087400000, 0x0000000087500000, 0x0000000087500000|100%| E|CS|TAMS 0x0000000087400000| PB 0x0000000087400000| Complete |  0
| 117|0x0000000087500000, 0x0000000087600000, 0x0000000087600000|100%| E|CS|TAMS 0x0000000087500000| PB 0x0000000087500000| Complete |  0
| 118|0x0000000087600000, 0x0000000087700000, 0x0000000087700000|100%| E|CS|TAMS 0x0000000087600000| PB 0x0000000087600000| Complete |  0
| 119|0x0000000087700000, 0x0000000087800000, 0x0000000087800000|100%| E|CS|TAMS 0x0000000087700000| PB 0x0000000087700000| Complete |  0
| 120|0x0000000087800000, 0x0000000087900000, 0x0000000087900000|100%| E|CS|TAMS 0x0000000087800000| PB 0x0000000087800000| Complete |  0
| 121|0x0000000087900000, 0x0000000087a00000, 0x0000000087a00000|100%| E|CS|TAMS 0x0000000087900000| PB 0x0000000087900000| Complete |  0
| 122|0x0000000087a00000, 0x0000000087b00000, 0x0000000087b00000|100%| E|CS|TAMS 0x0000000087a00000| PB 0x0000000087a00000| Complete |  0
| 123|0x0000000087b00000, 0x0000000087c00000, 0x0000000087c00000|100%| E|CS|TAMS 0x0000000087b00000| PB 0x0000000087b00000| Complete |  0
| 124|0x0000000087c00000, 0x0000000087d00000, 0x0000000087d00000|100%| E|CS|TAMS 0x0000000087c00000| PB 0x0000000087c00000| Complete |  0
| 125|0x0000000087d00000, 0x0000000087e00000, 0x0000000087e00000|100%| E|CS|TAMS 0x0000000087d00000| PB 0x0000000087d00000| Complete |  0
| 126|0x0000000087e00000, 0x0000000087f00000, 0x0000000087f00000|100%| E|CS|TAMS 0x0000000087e00000| PB 0x0000000087e00000| Complete |  0
| 127|0x0000000087f00000, 0x0000000088000000, 0x0000000088000000|100%| E|CS|TAMS 0x0000000087f00000| PB 0x0000000087f00000| Complete |  0
| 128|0x0000000088000000, 0x0000000088100000, 0x0000000088100000|100%| E|CS|TAMS 0x0000000088000000| PB 0x0000000088000000| Complete |  0
| 129|0x0000000088100000, 0x0000000088200000, 0x0000000088200000|100%| E|CS|TAMS 0x0000000088100000| PB 0x0000000088100000| Complete |  0
| 130|0x0000000088200000, 0x0000000088300000, 0x0000000088300000|100%| E|CS|TAMS 0x0000000088200000| PB 0x0000000088200000| Complete |  0
| 131|0x0000000088300000, 0x0000000088400000, 0x0000000088400000|100%| E|CS|TAMS 0x0000000088300000| PB 0x0000000088300000| Complete |  0
| 132|0x0000000088400000, 0x0000000088500000, 0x0000000088500000|100%| E|CS|TAMS 0x0000000088400000| PB 0x0000000088400000| Complete |  0
| 133|0x0000000088500000, 0x0000000088600000, 0x0000000088600000|100%| E|CS|TAMS 0x0000000088500000| PB 0x0000000088500000| Complete |  0
| 134|0x0000000088600000, 0x0000000088700000, 0x0000000088700000|100%| E|CS|TAMS 0x0000000088600000| PB 0x0000000088600000| Complete |  0
| 135|0x0000000088700000, 0x0000000088800000, 0x0000000088800000|100%| E|CS|TAMS 0x0000000088700000| PB 0x0000000088700000| Complete |  0
| 136|0x0000000088800000, 0x0000000088900000, 0x0000000088900000|100%| E|CS|TAMS 0x0000000088800000| PB 0x0000000088800000| Complete |  0
| 137|0x0000000088900000, 0x0000000088a00000, 0x0000000088a00000|100%| E|CS|TAMS 0x0000000088900000| PB 0x0000000088900000| Complete |  0
| 138|0x0000000088a00000, 0x0000000088b00000, 0x0000000088b00000|100%| E|CS|TAMS 0x0000000088a00000| PB 0x0000000088a00000| Complete |  0
| 139|0x0000000088b00000, 0x0000000088c00000, 0x0000000088c00000|100%| E|CS|TAMS 0x0000000088b00000| PB 0x0000000088b00000| Complete |  0
| 140|0x0000000088c00000, 0x0000000088d00000, 0x0000000088d00000|100%| E|CS|TAMS 0x0000000088c00000| PB 0x0000000088c00000| Complete |  0
| 141|0x0000000088d00000, 0x0000000088e00000, 0x0000000088e00000|100%| E|CS|TAMS 0x0000000088d00000| PB 0x0000000088d00000| Complete |  0
| 142|0x0000000088e00000, 0x0000000088f00000, 0x0000000088f00000|100%| E|CS|TAMS 0x0000000088e00000| PB 0x0000000088e00000| Complete |  0
| 143|0x0000000088f00000, 0x0000000089000000, 0x0000000089000000|100%| E|CS|TAMS 0x0000000088f00000| PB 0x0000000088f00000| Complete |  0
| 144|0x0000000089000000, 0x0000000089100000, 0x0000000089100000|100%| E|CS|TAMS 0x0000000089000000| PB 0x0000000089000000| Complete |  0
| 145|0x0000000089100000, 0x0000000089200000, 0x0000000089200000|100%| E|CS|TAMS 0x0000000089100000| PB 0x0000000089100000| Complete |  0
| 146|0x0000000089200000, 0x0000000089300000, 0x0000000089300000|100%| E|CS|TAMS 0x0000000089200000| PB 0x0000000089200000| Complete |  0
| 171|0x000000008ab00000, 0x000000008ac00000, 0x000000008ac00000|100%| E|CS|TAMS 0x000000008ab00000| PB 0x000000008ab00000| Complete |  0
| 172|0x000000008ac00000, 0x000000008ad00000, 0x000000008ad00000|100%| E|CS|TAMS 0x000000008ac00000| PB 0x000000008ac00000| Complete |  0
| 173|0x000000008ad00000, 0x000000008ae00000, 0x000000008ae00000|100%| E|CS|TAMS 0x000000008ad00000| PB 0x000000008ad00000| Complete |  0
| 174|0x000000008ae00000, 0x000000008af00000, 0x000000008af00000|100%| E|CS|TAMS 0x000000008ae00000| PB 0x000000008ae00000| Complete |  0
| 175|0x000000008af00000, 0x000000008b000000, 0x000000008b000000|100%| E|CS|TAMS 0x000000008af00000| PB 0x000000008af00000| Complete |  0
| 176|0x000000008b000000, 0x000000008b100000, 0x000000008b100000|100%| E|CS|TAMS 0x000000008b000000| PB 0x000000008b000000| Complete |  0
| 177|0x000000008b100000, 0x000000008b200000, 0x000000008b200000|100%| E|CS|TAMS 0x000000008b100000| PB 0x000000008b100000| Complete |  0
| 178|0x000000008b200000, 0x000000008b300000, 0x000000008b300000|100%| E|CS|TAMS 0x000000008b200000| PB 0x000000008b200000| Complete |  0
| 179|0x000000008b300000, 0x000000008b400000, 0x000000008b400000|100%| E|CS|TAMS 0x000000008b300000| PB 0x000000008b300000| Complete |  0
| 180|0x000000008b400000, 0x000000008b500000, 0x000000008b500000|100%| E|CS|TAMS 0x000000008b400000| PB 0x000000008b400000| Complete |  0
| 181|0x000000008b500000, 0x000000008b600000, 0x000000008b600000|100%| E|CS|TAMS 0x000000008b500000| PB 0x000000008b500000| Complete |  0
| 182|0x000000008b600000, 0x000000008b700000, 0x000000008b700000|100%| E|CS|TAMS 0x000000008b600000| PB 0x000000008b600000| Complete |  0
| 183|0x000000008b700000, 0x000000008b800000, 0x000000008b800000|100%| E|CS|TAMS 0x000000008b700000| PB 0x000000008b700000| Complete |  0
| 251|0x000000008fb00000, 0x000000008fc00000, 0x000000008fc00000|100%| E|CS|TAMS 0x000000008fb00000| PB 0x000000008fb00000| Complete |  0
|2037|0x00000000ff500000, 0x00000000ff600000, 0x00000000ff600000|100%| E|CS|TAMS 0x00000000ff500000| PB 0x00000000ff500000| Complete |  0
|2038|0x00000000ff600000, 0x00000000ff700000, 0x00000000ff700000|100%| O|  |TAMS 0x00000000ff600000| PB 0x00000000ff600000| Untracked |  0
|2039|0x00000000ff700000, 0x00000000ff800000, 0x00000000ff800000|100%| O|  |TAMS 0x00000000ff700000| PB 0x00000000ff700000| Untracked |  0
|2040|0x00000000ff800000, 0x00000000ff900000, 0x00000000ff900000|100%| E|CS|TAMS 0x00000000ff800000| PB 0x00000000ff800000| Complete |  0
|2041|0x00000000ff900000, 0x00000000ffa00000, 0x00000000ffa00000|100%| O|  |TAMS 0x00000000ff900000| PB 0x00000000ff900000| Untracked |  0
|2042|0x00000000ffa00000, 0x00000000ffb00000, 0x00000000ffb00000|100%| O|  |TAMS 0x00000000ffa00000| PB 0x00000000ffa00000| Untracked |  0
|2043|0x00000000ffb00000, 0x00000000ffc00000, 0x00000000ffc00000|100%| O|  |TAMS 0x00000000ffb00000| PB 0x00000000ffb00000| Untracked |  0
|2044|0x00000000ffc00000, 0x00000000ffd00000, 0x00000000ffd00000|100%| O|  |TAMS 0x00000000ffc00000| PB 0x00000000ffc00000| Untracked |  0
|2045|0x00000000ffd00000, 0x00000000ffe00000, 0x00000000ffe00000|100%| O|  |TAMS 0x00000000ffd00000| PB 0x00000000ffd00000| Untracked |  0
|2046|0x00000000ffe00000, 0x00000000fff00000, 0x00000000fff00000|100%| O|  |TAMS 0x00000000ffe00000| PB 0x00000000ffe00000| Untracked |  0
|2047|0x00000000fff00000, 0x0000000100000000, 0x0000000100000000|100%| O|  |TAMS 0x00000000fff00000| PB 0x00000000fff00000| Untracked |  0

Card table byte_map: [0x000001944d480000,0x000001944d880000] _byte_map_base: 0x000001944d080000

Marking Bits: (CMBitMap*) 0x000001943a242000
 Bits: [0x000001944d880000, 0x000001944f880000)

Polling page: 0x0000019438000000

Metaspace:
Metaspace        used 76478K, committed 78144K, reserved 1179648K
 class space     used 10950K, committed 11712K, reserved 1048576K

Usage:
  Non-class:     63.99 MB used.
      Class:     10.69 MB used.
       Both:     74.69 MB used.

Virtual space:
  Non-class space:      128.00 MB reserved,      64.88 MB ( 51%) committed,  2 nodes.
      Class space:        1.00 GB reserved,      11.44 MB (  1%) committed,  1 nodes.
             Both:        1.12 GB reserved,      76.31 MB (  7%) committed. 

Chunk freelists:
   Non-Class:  14.91 MB
       Class:  4.38 MB
        Both:  19.28 MB

MaxMetaspaceSize: unlimited
CompressedClassSpaceSize: 1.00 GB
Initial GC threshold: 21.00 MB
Current GC threshold: 125.56 MB
CDS: off
 - commit_granule_bytes: 65536.
 - commit_granule_words: 8192.
 - virtual_space_node_default_size: 8388608.
 - enlarge_chunks_in_place: 1.
UseCompressedClassPointers 1, UseCompactObjectHeaders 0
Narrow klass pointer bits 32, Max shift 3
Narrow klass base: 0x0000000000000000, Narrow klass shift: 0
Encoding Range: [0x0000000000000000 - 0x0000000100000000), (4294967296 bytes)
Klass Range:    [0x0000000018000000 - 0x0000000058000000), (1073741824 bytes)
Klass ID Range:  [402653184 - 1476395001) (1073741817)
No protection zone.


Internal statistics:

num_allocs_failed_limit: 6.
num_arena_births: 3324.
num_arena_deaths: 38.
num_vsnodes_births: 3.
num_vsnodes_deaths: 0.
num_space_committed: 1220.
num_space_uncommitted: 0.
num_chunks_returned_to_freelist: 60.
num_chunks_taken_from_freelist: 6549.
num_chunk_merges: 16.
num_chunk_splits: 4176.
num_chunks_enlarged: 2514.
num_inconsistent_stats: 0.

CodeHeap 'non-profiled nmethods': size=119168Kb used=3984Kb max_used=3984Kb free=115183Kb
 bounds [0x0000019445280000, 0x0000019445670000, 0x000001944c6e0000]
CodeHeap 'profiled nmethods': size=119168Kb used=12458Kb max_used=12654Kb free=106710Kb
 bounds [0x000001943d6d0000, 0x000001943e330000, 0x0000019444b30000]
CodeHeap 'non-nmethods': size=7488Kb used=3790Kb max_used=3949Kb free=3697Kb
 bounds [0x0000019444b30000, 0x0000019444f20000, 0x0000019445280000]
CodeCache: size=245824Kb, used=20232Kb, max_used=20587Kb, free=225590Kb
 total_blobs=9342, nmethods=8558, adapters=682, full_count=0
Compilation: enabled, stopped_count=0, restarted_count=0

Compilation events (20 events):
Event: 5.459 Thread 0x0000019452445860 9841       3       org.gradle.internal.Deferrable$2::getCompleted (8 bytes)
Event: 5.459 Thread 0x0000019452445860 nmethod 9841 0x000001943dfcbb08 code [0x000001943dfcbc00, 0x000001943dfcc008]
Event: 5.460 Thread 0x000001945d52a790 nmethod 9758 0x0000019445647c08 code [0x0000019445647d00, 0x0000019445648440]
Event: 5.460 Thread 0x00000194524417e0 9842       1       jdk.internal.event.SocketWriteEvent::enabled (2 bytes)
Event: 5.460 Thread 0x000001945d52a790 9840   !   4       org.gradle.internal.hash.Hashing$CloningMessageDigestHashFunction::createDigest (21 bytes)
Event: 5.460 Thread 0x00000194524417e0 nmethod 9842 0x0000019445648488 code [0x0000019445648580, 0x0000019445648628]
Event: 5.465 Thread 0x000001945d52a790 nmethod 9840 0x0000019445648a88 code [0x0000019445648b80, 0x00000194456497f8]
Event: 5.465 Thread 0x000001945d52a790 9817       4       java.util.Arrays::sort (47 bytes)
Event: 5.467 Thread 0x000001945d52a790 nmethod 9817 0x0000019445649808 code [0x0000019445649900, 0x0000019445649a80]
Event: 5.467 Thread 0x000001945d52a790 9844       4       org.gradle.internal.hash.HashCode::toStringBuilder (67 bytes)
Event: 5.474 Thread 0x000001945d52a790 nmethod 9844 0x0000019445649b08 code [0x0000019445649c00, 0x000001944564a488]
Event: 5.474 Thread 0x000001945d52a790 9832       4       java.nio.CharBuffer::arrayOffset (35 bytes)
Event: 5.475 Thread 0x000001945d52a790 nmethod 9832 0x000001944564a508 code [0x000001944564a600, 0x000001944564a6b0]
Event: 5.475 Thread 0x000001945d52a790 9836       4       com.google.common.util.concurrent.AbstractFuture::set (30 bytes)
Event: 5.480 Thread 0x000001945d52a790 nmethod 9836 0x000001944564a808 code [0x000001944564a900, 0x000001944564ae20]
Event: 5.480 Thread 0x000001945d52a790 9775       4       org.apache.commons.io.FilenameUtils::getAdsCriticalOffset (49 bytes)
Event: 5.484 Thread 0x0000019452444030 9849       1       org.gradle.execution.plan.Node::getConsumerState (5 bytes)
Event: 5.486 Thread 0x0000019452442800 9850   !   3       org.gradle.internal.resources.AbstractTrackedResourceLock::unlock (90 bytes)
Event: 5.488 Thread 0x00000194524417e0 9852       3       java.util.HashMap::afterNodeRemoval (1 bytes)
Event: 5.493 Thread 0x0000019452445860 9853       3       org.gradle.internal.work.DefaultWorkerLeaseService::setOwningThreadPool (42 bytes)

GC Heap Usage History (20 events):
Event: 3.846 {heap Before GC invocations=13 (full 0):
 garbage-first heap   total reserved 2097152K, committed 92160K, used 83853K [0x0000000080000000, 0x0000000100000000)
  region size 1024K, 34 young (34816K), 5 survivors (5120K)
}
Event: 3.849 {heap After GC invocations=14 (full 0):
 garbage-first heap   total reserved 2097152K, committed 95232K, used 56712K [0x0000000080000000, 0x0000000100000000)
  region size 1024K, 4 young (4096K), 4 survivors (4096K)
}
Event: 4.093 {heap Before GC invocations=14 (full 0):
 garbage-first heap   total reserved 2097152K, committed 95232K, used 84360K [0x0000000080000000, 0x0000000100000000)
  region size 1024K, 31 young (31744K), 4 survivors (4096K)
}
Event: 4.095 {heap After GC invocations=15 (full 0):
 garbage-first heap   total reserved 2097152K, committed 114688K, used 58724K [0x0000000080000000, 0x0000000100000000)
  region size 1024K, 3 young (3072K), 3 survivors (3072K)
}
Event: 4.409 {heap Before GC invocations=16 (full 0):
 garbage-first heap   total reserved 2097152K, committed 114688K, used 99684K [0x0000000080000000, 0x0000000100000000)
  region size 1024K, 44 young (45056K), 3 survivors (3072K)
}
Event: 4.411 {heap After GC invocations=17 (full 0):
 garbage-first heap   total reserved 2097152K, committed 114688K, used 61407K [0x0000000080000000, 0x0000000100000000)
  region size 1024K, 5 young (5120K), 5 survivors (5120K)
}
Event: 4.678 {heap Before GC invocations=17 (full 0):
 garbage-first heap   total reserved 2097152K, committed 114688K, used 102367K [0x0000000080000000, 0x0000000100000000)
  region size 1024K, 45 young (46080K), 5 survivors (5120K)
}
Event: 4.682 {heap After GC invocations=18 (full 0):
 garbage-first heap   total reserved 2097152K, committed 114688K, used 64347K [0x0000000080000000, 0x0000000100000000)
  region size 1024K, 6 young (6144K), 6 survivors (6144K)
}
Event: 4.864 {heap Before GC invocations=18 (full 0):
 garbage-first heap   total reserved 2097152K, committed 114688K, used 103259K [0x0000000080000000, 0x0000000100000000)
  region size 1024K, 45 young (46080K), 6 survivors (6144K)
}
Event: 4.869 {heap After GC invocations=19 (full 0):
 garbage-first heap   total reserved 2097152K, committed 114688K, used 67271K [0x0000000080000000, 0x0000000100000000)
  region size 1024K, 3 young (3072K), 3 survivors (3072K)
}
Event: 4.978 {heap Before GC invocations=20 (full 0):
 garbage-first heap   total reserved 2097152K, committed 117760K, used 109255K [0x0000000080000000, 0x0000000100000000)
  region size 1024K, 40 young (40960K), 3 survivors (3072K)
}
Event: 4.981 {heap After GC invocations=21 (full 0):
 garbage-first heap   total reserved 2097152K, committed 117760K, used 70727K [0x0000000080000000, 0x0000000100000000)
  region size 1024K, 5 young (5120K), 5 survivors (5120K)
}
Event: 5.075 {heap Before GC invocations=21 (full 0):
 garbage-first heap   total reserved 2097152K, committed 117760K, used 106567K [0x0000000080000000, 0x0000000100000000)
  region size 1024K, 41 young (41984K), 5 survivors (5120K)
}
Event: 5.080 {heap After GC invocations=22 (full 0):
 garbage-first heap   total reserved 2097152K, committed 117760K, used 73494K [0x0000000080000000, 0x0000000100000000)
  region size 1024K, 4 young (4096K), 4 survivors (4096K)
}
Event: 5.171 {heap Before GC invocations=22 (full 0):
 garbage-first heap   total reserved 2097152K, committed 117760K, used 106262K [0x0000000080000000, 0x0000000100000000)
  region size 1024K, 37 young (37888K), 4 survivors (4096K)
}
Event: 5.174 {heap After GC invocations=23 (full 0):
 garbage-first heap   total reserved 2097152K, committed 117760K, used 74855K [0x0000000080000000, 0x0000000100000000)
  region size 1024K, 3 young (3072K), 3 survivors (3072K)
}
Event: 5.291 {heap Before GC invocations=24 (full 0):
 garbage-first heap   total reserved 2097152K, committed 126976K, used 107623K [0x0000000080000000, 0x0000000100000000)
  region size 1024K, 36 young (36864K), 3 survivors (3072K)
}
Event: 5.295 {heap After GC invocations=25 (full 0):
 garbage-first heap   total reserved 2097152K, committed 126976K, used 76610K [0x0000000080000000, 0x0000000100000000)
  region size 1024K, 5 young (5120K), 5 survivors (5120K)
}
Event: 5.423 {heap Before GC invocations=25 (full 0):
 garbage-first heap   total reserved 2097152K, committed 126976K, used 115522K [0x0000000080000000, 0x0000000100000000)
  region size 1024K, 44 young (45056K), 5 survivors (5120K)
}
Event: 5.429 {heap After GC invocations=26 (full 0):
 garbage-first heap   total reserved 2097152K, committed 176128K, used 76843K [0x0000000080000000, 0x0000000100000000)
  region size 1024K, 6 young (6144K), 6 survivors (6144K)
}

Metaspace Usage History (20 events):
Event: 3.846 {metaspace Before GC invocations=13 (full 0):
 Metaspace       used 61291K, committed 62784K, reserved 1114112K
  class space    used 8706K, committed 9408K, reserved 1048576K
}
Event: 3.849 {metaspace After GC invocations=14 (full 0):
 Metaspace       used 61291K, committed 62784K, reserved 1114112K
  class space    used 8706K, committed 9408K, reserved 1048576K
}
Event: 4.093 {metaspace Before GC invocations=14 (full 0):
 Metaspace       used 63407K, committed 64960K, reserved 1114112K
  class space    used 9020K, committed 9728K, reserved 1048576K
}
Event: 4.095 {metaspace After GC invocations=15 (full 0):
 Metaspace       used 63407K, committed 64960K, reserved 1114112K
  class space    used 9020K, committed 9728K, reserved 1048576K
}
Event: 4.409 {metaspace Before GC invocations=16 (full 0):
 Metaspace       used 65897K, committed 67584K, reserved 1114112K
  class space    used 9422K, committed 10240K, reserved 1048576K
}
Event: 4.411 {metaspace After GC invocations=17 (full 0):
 Metaspace       used 65897K, committed 67584K, reserved 1114112K
  class space    used 9422K, committed 10240K, reserved 1048576K
}
Event: 4.678 {metaspace Before GC invocations=17 (full 0):
 Metaspace       used 67652K, committed 69312K, reserved 1114112K
  class space    used 9643K, committed 10432K, reserved 1048576K
}
Event: 4.682 {metaspace After GC invocations=18 (full 0):
 Metaspace       used 67652K, committed 69312K, reserved 1114112K
  class space    used 9643K, committed 10432K, reserved 1048576K
}
Event: 4.864 {metaspace Before GC invocations=18 (full 0):
 Metaspace       used 71859K, committed 73600K, reserved 1114112K
  class space    used 10443K, committed 11264K, reserved 1048576K
}
Event: 4.869 {metaspace After GC invocations=19 (full 0):
 Metaspace       used 71859K, committed 73600K, reserved 1114112K
  class space    used 10443K, committed 11264K, reserved 1048576K
}
Event: 4.978 {metaspace Before GC invocations=20 (full 0):
 Metaspace       used 74035K, committed 75712K, reserved 1114112K
  class space    used 10672K, committed 11456K, reserved 1048576K
}
Event: 4.981 {metaspace After GC invocations=21 (full 0):
 Metaspace       used 74035K, committed 75712K, reserved 1114112K
  class space    used 10672K, committed 11456K, reserved 1048576K
}
Event: 5.075 {metaspace Before GC invocations=21 (full 0):
 Metaspace       used 74876K, committed 76608K, reserved 1114112K
  class space    used 10757K, committed 11584K, reserved 1048576K
}
Event: 5.080 {metaspace After GC invocations=22 (full 0):
 Metaspace       used 74876K, committed 76608K, reserved 1114112K
  class space    used 10757K, committed 11584K, reserved 1048576K
}
Event: 5.171 {metaspace Before GC invocations=22 (full 0):
 Metaspace       used 75256K, committed 76928K, reserved 1179648K
  class space    used 10790K, committed 11584K, reserved 1048576K
}
Event: 5.174 {metaspace After GC invocations=23 (full 0):
 Metaspace       used 75256K, committed 76928K, reserved 1179648K
  class space    used 10790K, committed 11584K, reserved 1048576K
}
Event: 5.291 {metaspace Before GC invocations=24 (full 0):
 Metaspace       used 75822K, committed 77504K, reserved 1179648K
  class space    used 10853K, committed 11648K, reserved 1048576K
}
Event: 5.295 {metaspace After GC invocations=25 (full 0):
 Metaspace       used 75822K, committed 77504K, reserved 1179648K
  class space    used 10853K, committed 11648K, reserved 1048576K
}
Event: 5.423 {metaspace Before GC invocations=25 (full 0):
 Metaspace       used 76012K, committed 77760K, reserved 1179648K
  class space    used 10882K, committed 11712K, reserved 1048576K
}
Event: 5.429 {metaspace After GC invocations=26 (full 0):
 Metaspace       used 76012K, committed 77760K, reserved 1179648K
  class space    used 10882K, committed 11712K, reserved 1048576K
}

Dll operation events (3 events):
Event: 0.008 Loaded shared library C:\Program Files\Android\Android Studio\jbr\bin\java.dll
Event: 0.012 Loaded shared library C:\Program Files\Android\Android Studio\jbr\bin\zip.dll
Event: 0.399 Loaded shared library C:\Program Files\Android\Android Studio\jbr\bin\verify.dll

Deoptimization events (20 events):
Event: 5.398 Thread 0x000001945db9cbd0 DEOPT PACKING pc=0x000001943e19630c sp=0x00000001062fc460
Event: 5.398 Thread 0x000001945db9cbd0 DEOPT UNPACKING pc=0x0000019444b812a2 sp=0x00000001062fb9f0 mode 0
Event: 5.398 Thread 0x000001945db927c0 DEOPT PACKING pc=0x000001943e19630c sp=0x00000001058fc410
Event: 5.398 Thread 0x000001945db927c0 DEOPT UNPACKING pc=0x0000019444b812a2 sp=0x00000001058fb9a0 mode 0
Event: 5.400 Thread 0x000001945db95e70 DEOPT PACKING pc=0x000001943e19630c sp=0x0000000105bfc630
Event: 5.400 Thread 0x000001945db95e70 DEOPT UNPACKING pc=0x0000019444b812a2 sp=0x0000000105bfbbc0 mode 0
Event: 5.400 Thread 0x000001945db96640 DEOPT PACKING pc=0x000001943e19630c sp=0x0000000105dfc2c0
Event: 5.400 Thread 0x000001945db96640 DEOPT UNPACKING pc=0x0000019444b812a2 sp=0x0000000105dfb850 mode 0
Event: 5.400 Thread 0x000001945db97db0 DEOPT PACKING pc=0x000001943e19630c sp=0x0000000105cfc800
Event: 5.400 Thread 0x000001945db97db0 DEOPT UNPACKING pc=0x0000019444b812a2 sp=0x0000000105cfbd90 mode 0
Event: 5.400 Thread 0x000001945db98580 DEOPT PACKING pc=0x000001943e19630c sp=0x0000000105efc690
Event: 5.400 Thread 0x000001945db98580 DEOPT UNPACKING pc=0x0000019444b812a2 sp=0x0000000105efbc20 mode 0
Event: 5.400 Thread 0x000001945db9d3a0 DEOPT PACKING pc=0x000001943e19630c sp=0x00000001064fc280
Event: 5.400 Thread 0x000001945db9d3a0 DEOPT UNPACKING pc=0x0000019444b812a2 sp=0x00000001064fb810 mode 0
Event: 5.400 Thread 0x000001945db900b0 DEOPT PACKING pc=0x000001943e19630c sp=0x0000000105afc1f0
Event: 5.400 Thread 0x000001945db900b0 DEOPT UNPACKING pc=0x0000019444b812a2 sp=0x0000000105afb780 mode 0
Event: 5.403 Thread 0x000001945db93760 DEOPT PACKING pc=0x000001943e19630c sp=0x00000001059fc790
Event: 5.403 Thread 0x000001945db93760 DEOPT UNPACKING pc=0x0000019444b812a2 sp=0x00000001059fbd20 mode 0
Event: 5.406 Thread 0x000001945db96e10 DEOPT PACKING pc=0x000001943e19630c sp=0x00000001060fc830
Event: 5.406 Thread 0x000001945db96e10 DEOPT UNPACKING pc=0x0000019444b812a2 sp=0x00000001060fbdc0 mode 0

Classes loaded (20 events):
Event: 5.058 Loading class java/time/format/DateTimeFormatterBuilder$1
Event: 5.058 Loading class java/time/format/DateTimeFormatterBuilder$1 done
Event: 5.058 Loading class java/time/format/DateTimeFormatterBuilder$TextPrinterParser
Event: 5.059 Loading class java/time/format/DateTimeFormatterBuilder$TextPrinterParser done
Event: 5.062 Loading class java/util/concurrent/Executors$DefaultThreadFactory
Event: 5.062 Loading class java/util/concurrent/Executors$DefaultThreadFactory done
Event: 5.095 Loading class java/util/concurrent/RejectedExecutionException
Event: 5.095 Loading class java/util/concurrent/RejectedExecutionException done
Event: 5.194 Loading class java/util/concurrent/atomic/AtomicLongFieldUpdater
Event: 5.195 Loading class java/util/concurrent/atomic/AtomicLongFieldUpdater done
Event: 5.195 Loading class java/util/concurrent/atomic/AtomicLongFieldUpdater$CASUpdater
Event: 5.196 Loading class java/util/concurrent/atomic/AtomicLongFieldUpdater$CASUpdater done
Event: 5.202 Loading class java/util/concurrent/atomic/AtomicIntegerFieldUpdater
Event: 5.202 Loading class java/util/concurrent/atomic/AtomicIntegerFieldUpdater done
Event: 5.202 Loading class java/util/concurrent/atomic/AtomicIntegerFieldUpdater$AtomicIntegerFieldUpdaterImpl
Event: 5.202 Loading class java/util/concurrent/atomic/AtomicIntegerFieldUpdater$AtomicIntegerFieldUpdaterImpl done
Event: 5.262 Loading class java/time/Clock$SystemClock
Event: 5.262 Loading class java/time/Clock$SystemClock done
Event: 5.301 Loading class java/time/Instant$1
Event: 5.302 Loading class java/time/Instant$1 done

Classes unloaded (19 events):
Event: 5.205 Thread 0x00000194525a8020 Unloading class 0x0000000018b04400 'java/lang/invoke/LambdaForm$DMH+0x0000000018b04400'
Event: 5.205 Thread 0x00000194525a8020 Unloading class 0x0000000018afcc00 'java/lang/invoke/LambdaForm$DMH+0x0000000018afcc00'
Event: 5.205 Thread 0x00000194525a8020 Unloading class 0x0000000018afc800 'java/lang/invoke/LambdaForm$DMH+0x0000000018afc800'
Event: 5.205 Thread 0x00000194525a8020 Unloading class 0x0000000018afc400 'java/lang/invoke/LambdaForm$DMH+0x0000000018afc400'
Event: 5.205 Thread 0x00000194525a8020 Unloading class 0x0000000018ad4400 'java/lang/invoke/LambdaForm$DMH+0x0000000018ad4400'
Event: 5.205 Thread 0x00000194525a8020 Unloading class 0x0000000018abac00 'java/lang/invoke/LambdaForm$MH+0x0000000018abac00'
Event: 5.205 Thread 0x00000194525a8020 Unloading class 0x0000000018aba800 'java/lang/invoke/LambdaForm$MH+0x0000000018aba800'
Event: 5.205 Thread 0x00000194525a8020 Unloading class 0x0000000018aba400 'java/lang/invoke/LambdaForm$MH+0x0000000018aba400'
Event: 5.205 Thread 0x00000194525a8020 Unloading class 0x0000000018aba000 'java/lang/invoke/LambdaForm$MH+0x0000000018aba000'
Event: 5.205 Thread 0x00000194525a8020 Unloading class 0x0000000018ab9800 'java/lang/invoke/LambdaForm$MH+0x0000000018ab9800'
Event: 5.205 Thread 0x00000194525a8020 Unloading class 0x0000000018ab9000 'java/lang/invoke/LambdaForm$MH+0x0000000018ab9000'
Event: 5.205 Thread 0x00000194525a8020 Unloading class 0x0000000018ab8c00 'java/lang/invoke/LambdaForm$MH+0x0000000018ab8c00'
Event: 5.205 Thread 0x00000194525a8020 Unloading class 0x0000000018ab8800 'java/lang/invoke/LambdaForm$MH+0x0000000018ab8800'
Event: 5.205 Thread 0x00000194525a8020 Unloading class 0x0000000018ab8400 'java/lang/invoke/LambdaForm$MH+0x0000000018ab8400'
Event: 5.205 Thread 0x00000194525a8020 Unloading class 0x0000000018ab8000 'java/lang/invoke/LambdaForm$MH+0x0000000018ab8000'
Event: 5.205 Thread 0x00000194525a8020 Unloading class 0x0000000018a80800 'java/lang/invoke/LambdaForm$MH+0x0000000018a80800'
Event: 5.205 Thread 0x00000194525a8020 Unloading class 0x0000000018a80000 'java/lang/invoke/LambdaForm$DMH+0x0000000018a80000'
Event: 5.205 Thread 0x00000194525a8020 Unloading class 0x0000000018a79400 'java/lang/invoke/LambdaForm$DMH+0x0000000018a79400'
Event: 5.205 Thread 0x00000194525a8020 Unloading class 0x0000000018a78c00 'java/lang/invoke/LambdaForm$DMH+0x0000000018a78c00'

Classes redefined (0 events):
No events

Internal exceptions (20 events):
Event: 5.513 Thread 0x000001945db9c400 Exception <a 'sun/nio/fs/WindowsException'{0x00000000887ef9e8}> (0x00000000887ef9e8) 
thrown [s\src\hotspot\share\prims\jni.cpp, line 535]
Event: 5.514 Thread 0x000001945db9d3a0 Exception <a 'sun/nio/fs/WindowsException'{0x0000000088692fe8}> (0x0000000088692fe8) 
thrown [s\src\hotspot\share\prims\jni.cpp, line 535]
Event: 5.514 Thread 0x000001945db96e10 Exception <a 'sun/nio/fs/WindowsException'{0x00000000886c2b68}> (0x00000000886c2b68) 
thrown [s\src\hotspot\share\prims\jni.cpp, line 535]
Event: 5.514 Thread 0x000001945db91ff0 Exception <a 'sun/nio/fs/WindowsException'{0x00000000886d0590}> (0x00000000886d0590) 
thrown [s\src\hotspot\share\prims\jni.cpp, line 535]
Event: 5.514 Thread 0x000001945db900b0 Exception <a 'sun/nio/fs/WindowsException'{0x0000000088645098}> (0x0000000088645098) 
thrown [s\src\hotspot\share\prims\jni.cpp, line 535]
Event: 5.514 Thread 0x000001945db9cbd0 Exception <a 'sun/nio/fs/WindowsException'{0x00000000886cd878}> (0x00000000886cd878) 
thrown [s\src\hotspot\share\prims\jni.cpp, line 535]
Event: 5.514 Thread 0x000001945db927c0 Exception <a 'sun/nio/fs/WindowsException'{0x0000000088505910}> (0x0000000088505910) 
thrown [s\src\hotspot\share\prims\jni.cpp, line 535]
Event: 5.515 Thread 0x000001945db93760 Exception <a 'sun/nio/fs/WindowsException'{0x000000008851fc88}> (0x000000008851fc88) 
thrown [s\src\hotspot\share\prims\jni.cpp, line 535]
Event: 5.515 Thread 0x000001945db95e70 Exception <a 'sun/nio/fs/WindowsException'{0x000000008863cde0}> (0x000000008863cde0) 
thrown [s\src\hotspot\share\prims\jni.cpp, line 535]
Event: 5.515 Thread 0x000001945db97db0 Exception <a 'sun/nio/fs/WindowsException'{0x00000000887c8118}> (0x00000000887c8118) 
thrown [s\src\hotspot\share\prims\jni.cpp, line 535]
Event: 5.515 Thread 0x000001945db9c400 Exception <a 'sun/nio/fs/WindowsException'{0x000000008852e428}> (0x000000008852e428) 
thrown [s\src\hotspot\share\prims\jni.cpp, line 535]
Event: 5.515 Thread 0x000001945db96640 Exception <a 'sun/nio/fs/WindowsException'{0x0000000088544c10}> (0x0000000088544c10) 
thrown [s\src\hotspot\share\prims\jni.cpp, line 535]
Event: 5.515 Thread 0x000001945db98580 Exception <a 'sun/nio/fs/WindowsException'{0x00000000885dcef8}> (0x00000000885dcef8) 
thrown [s\src\hotspot\share\prims\jni.cpp, line 535]
Event: 5.516 Thread 0x000001945db9d3a0 Exception <a 'sun/nio/fs/WindowsException'{0x00000000884026d8}> (0x00000000884026d8) 
thrown [s\src\hotspot\share\prims\jni.cpp, line 535]
Event: 5.516 Thread 0x000001945db96e10 Exception <a 'sun/nio/fs/WindowsException'{0x000000008853c510}> (0x000000008853c510) 
thrown [s\src\hotspot\share\prims\jni.cpp, line 535]
Event: 5.516 Thread 0x000001945db91ff0 Exception <a 'sun/nio/fs/WindowsException'{0x000000008843e2f8}> (0x000000008843e2f8) 
thrown [s\src\hotspot\share\prims\jni.cpp, line 535]
Event: 5.516 Thread 0x000001945db900b0 Exception <a 'sun/nio/fs/WindowsException'{0x0000000088579b18}> (0x0000000088579b18) 
thrown [s\src\hotspot\share\prims\jni.cpp, line 535]
Event: 5.516 Thread 0x000001945db927c0 Exception <a 'sun/nio/fs/WindowsException'{0x00000000884482d0}> (0x00000000884482d0) 
thrown [s\src\hotspot\share\prims\jni.cpp, line 535]
Event: 5.516 Thread 0x000001945db9cbd0 Exception <a 'sun/nio/fs/WindowsException'{0x0000000088451be8}> (0x0000000088451be8) 
thrown [s\src\hotspot\share\prims\jni.cpp, line 535]
Event: 5.516 Thread 0x000001945db95e70 Exception <a 'sun/nio/fs/WindowsException'{0x00000000884313b8}> (0x00000000884313b8) 
thrown [s\src\hotspot\share\prims\jni.cpp, line 535]

VM Operations (20 events):
Event: 4.909 Executing safepoint VM operation: G1PauseCleanup
Event: 4.913 Executing safepoint VM operation: G1PauseCleanup done
Event: 4.977 Executing safepoint VM operation: G1CollectForAllocation (G1 Evacuation Pause)
Event: 4.981 Executing safepoint VM operation: G1CollectForAllocation (G1 Evacuation Pause) done
Event: 5.075 Executing safepoint VM operation: G1CollectForAllocation (G1 Evacuation Pause)
Event: 5.080 Executing safepoint VM operation: G1CollectForAllocation (G1 Evacuation Pause) done
Event: 5.094 Executing non-safepoint VM operation: HandshakeAllThreads (Deoptimize)
Event: 5.094 Executing non-safepoint VM operation: HandshakeAllThreads (Deoptimize) done
Event: 5.171 Executing safepoint VM operation: G1CollectForAllocation (G1 Evacuation Pause)
Event: 5.174 Executing safepoint VM operation: G1CollectForAllocation (G1 Evacuation Pause) done
Event: 5.205 Executing safepoint VM operation: G1PauseRemark
Event: 5.212 Executing safepoint VM operation: G1PauseRemark done
Event: 5.222 Executing safepoint VM operation: G1PauseCleanup
Event: 5.222 Executing safepoint VM operation: G1PauseCleanup done
Event: 5.291 Executing safepoint VM operation: G1CollectForAllocation (G1 Evacuation Pause)
Event: 5.295 Executing safepoint VM operation: G1CollectForAllocation (G1 Evacuation Pause) done
Event: 5.398 Executing non-safepoint VM operation: HandshakeAllThreads (Deoptimize)
Event: 5.398 Executing non-safepoint VM operation: HandshakeAllThreads (Deoptimize) done
Event: 5.423 Executing safepoint VM operation: G1CollectForAllocation (G1 Evacuation Pause)
Event: 5.429 Executing safepoint VM operation: G1CollectForAllocation (G1 Evacuation Pause) done

Memory protections (0 events):
No events

Nmethod flushes (20 events):
Event: 5.211 Thread 0x00000194525a8020 flushing  nmethod 0x000001943d95a608
Event: 5.211 Thread 0x00000194525a8020 flushing  nmethod 0x000001943d9a5a08
Event: 5.211 Thread 0x00000194525a8020 flushing  nmethod 0x000001943d9a9808
Event: 5.211 Thread 0x00000194525a8020 flushing  nmethod 0x000001943db74b08
Event: 5.211 Thread 0x00000194525a8020 flushing  nmethod 0x000001943db76c08
Event: 5.211 Thread 0x00000194525a8020 flushing  nmethod 0x000001943db76f08
Event: 5.211 Thread 0x00000194525a8020 flushing  nmethod 0x000001943db77608
Event: 5.211 Thread 0x00000194525a8020 flushing  nmethod 0x000001943dca2408
Event: 5.211 Thread 0x00000194525a8020 flushing  nmethod 0x000001943dd65308
Event: 5.211 Thread 0x00000194525a8020 flushing  nmethod 0x000001943dd65e88
Event: 5.211 Thread 0x00000194525a8020 flushing  nmethod 0x000001943dd66208
Event: 5.211 Thread 0x00000194525a8020 flushing  nmethod 0x000001943dd66a88
Event: 5.211 Thread 0x00000194525a8020 flushing  nmethod 0x000001943de2dc88
Event: 5.211 Thread 0x00000194525a8020 flushing  nmethod 0x000001943de2e188
Event: 5.211 Thread 0x00000194525a8020 flushing  nmethod 0x000001943de2e908
Event: 5.211 Thread 0x00000194525a8020 flushing  nmethod 0x000001943de75d08
Event: 5.211 Thread 0x00000194525a8020 flushing  nmethod 0x000001943df33d88
Event: 5.211 Thread 0x00000194525a8020 flushing  nmethod 0x000001943df36708
Event: 5.211 Thread 0x00000194525a8020 flushing  nmethod 0x000001943df37a88
Event: 5.211 Thread 0x00000194525a8020 flushing  nmethod 0x000001943dfe8408

Events (20 events):
Event: 4.873 Thread 0x000001945d98e950 Thread added: 0x000001945db91ff0
Event: 4.873 Thread 0x000001945d6e97b0 Thread added: 0x000001945db927c0
Event: 4.873 Thread 0x000001945d98e180 Thread added: 0x000001945db93760
Event: 4.874 Thread 0x000001945d98d1e0 Thread added: 0x000001945db900b0
Event: 4.876 Thread 0x000001945d98d1e0 Thread added: 0x000001945db95e70
Event: 4.876 Thread 0x000001945d6e97b0 Thread added: 0x000001945db97db0
Event: 4.876 Thread 0x000001945d98e180 Thread added: 0x000001945db96640
Event: 4.876 Thread 0x000001945d98e950 Thread added: 0x000001945db98580
Event: 4.878 Thread 0x000001945d6e97b0 Thread added: 0x000001945db975e0
Event: 4.878 Thread 0x000001945d98e950 Thread added: 0x000001945db96e10
Event: 4.878 Thread 0x000001945d98e180 Thread added: 0x000001945db9ac90
Event: 4.878 Thread 0x000001945d98d1e0 Thread added: 0x000001945db9cbd0
Event: 4.879 Thread 0x000001945d6e97b0 Thread added: 0x000001945db99520
Event: 4.879 Thread 0x000001945d98e950 Thread added: 0x000001945db9d3a0
Event: 4.879 Thread 0x000001945d98e180 Thread added: 0x000001945db9c400
Event: 4.982 Thread 0x00000194524417e0 Thread added: 0x000001945d8487a0
Event: 4.997 Thread 0x0000019452445860 Thread added: 0x000001945d49b170
Event: 5.023 Thread 0x0000019452441ff0 Thread added: 0x000001945d52bfc0
Event: 5.023 Thread 0x0000019452441ff0 Thread added: 0x000001945d52a790
Event: 5.231 Thread 0x000001945a5b9990 Thread added: 0x000001945e183d00


Dynamic libraries:
0x00007ff6d2c20000 - 0x00007ff6d2c2a000 	C:\Program Files\Android\Android Studio\jbr\bin\java.exe
0x00007fffec2a0000 - 0x00007fffec506000 	C:\Windows\SYSTEM32\ntdll.dll
0x00007fffea0f0000 - 0x00007fffea1b9000 	C:\Windows\System32\KERNEL32.DLL
0x00007fffe94b0000 - 0x00007fffe98af000 	C:\Windows\System32\KERNELBASE.dll
0x00007fffe9dc0000 - 0x00007fffe9f0c000 	C:\Windows\System32\ucrtbase.dll
0x00007fffe5d60000 - 0x00007fffe5d76000 	C:\Program Files\Android\Android Studio\jbr\bin\jli.dll
0x00007fffe3ba0000 - 0x00007fffe3bbb000 	C:\Program Files\Android\Android Studio\jbr\bin\VCRUNTIME140.dll
0x00007fffec090000 - 0x00007fffec256000 	C:\Windows\System32\USER32.dll
0x00007fffe9cd0000 - 0x00007fffe9cf7000 	C:\Windows\System32\win32u.dll
0x00007fffc2c30000 - 0x00007fffc2ec1000 	C:\Windows\WinSxS\amd64_microsoft.windows.common-controls_6595b64144ccf1df_6.0.26100.8972_none_3e0da176e32f9d4b\COMCTL32.dll
0x00007fffea6b0000 - 0x00007fffea6db000 	C:\Windows\System32\GDI32.dll
0x00007fffeb660000 - 0x00007fffeb709000 	C:\Windows\System32\msvcrt.dll
0x00007fffe98c0000 - 0x00007fffe99e9000 	C:\Windows\System32\gdi32full.dll
0x00007fffe9f20000 - 0x00007fffe9fc3000 	C:\Windows\System32\msvcp_win.dll
0x00007fffeb620000 - 0x00007fffeb652000 	C:\Windows\System32\IMM32.DLL
0x00007fffe3b10000 - 0x00007fffe3b1c000 	C:\Program Files\Android\Android Studio\jbr\bin\vcruntime140_1.dll
0x00007fffd24c0000 - 0x00007fffd254d000 	C:\Program Files\Android\Android Studio\jbr\bin\msvcp140.dll
0x00007fffd08a0000 - 0x00007fffd177d000 	C:\Program Files\Android\Android Studio\jbr\bin\server\jvm.dll
0x00007fffebfc0000 - 0x00007fffec07c000 	C:\Windows\System32\ADVAPI32.dll
0x00007fffea040000 - 0x00007fffea0ea000 	C:\Windows\System32\sechost.dll
0x00007fffeb810000 - 0x00007fffeb928000 	C:\Windows\System32\RPCRT4.dll
0x00007fffeb210000 - 0x00007fffeb292000 	C:\Windows\System32\WS2_32.dll
0x00007fffe9310000 - 0x00007fffe936e000 	C:\Windows\SYSTEM32\POWRPROF.dll
0x00007fffe2340000 - 0x00007fffe234b000 	C:\Windows\SYSTEM32\VERSION.dll
0x00007fffd4480000 - 0x00007fffd44b6000 	C:\Windows\SYSTEM32\WINMM.dll
0x00007fffe92f0000 - 0x00007fffe9305000 	C:\Windows\SYSTEM32\UMPDC.dll
0x00007fffe81a0000 - 0x00007fffe81bb000 	C:\Windows\SYSTEM32\kernel.appcore.dll
0x00007fffe3b00000 - 0x00007fffe3b0a000 	C:\Program Files\Android\Android Studio\jbr\bin\jimage.dll
0x00007fffe6a60000 - 0x00007fffe6ca2000 	C:\Windows\SYSTEM32\DBGHELP.DLL
0x00007fffebc30000 - 0x00007fffebfb5000 	C:\Windows\System32\combase.dll
0x00007fffeb030000 - 0x00007fffeb109000 	C:\Windows\System32\OLEAUT32.dll
0x00007fffd6800000 - 0x00007fffd683b000 	C:\Windows\SYSTEM32\dbgcore.DLL
0x00007fffe9c10000 - 0x00007fffe9cbc000 	C:\Windows\System32\bcryptPrimitives.dll
0x00007fffd27a0000 - 0x00007fffd27ae000 	C:\Program Files\Android\Android Studio\jbr\bin\instrument.dll
0x00007fffd2780000 - 0x00007fffd279e000 	C:\Program Files\Android\Android Studio\jbr\bin\java.dll
0x00007fffeb480000 - 0x00007fffeb619000 	C:\Windows\System32\ole32.dll
0x00007fffea6e0000 - 0x00007fffeae68000 	C:\Windows\System32\SHELL32.dll
0x00007fffd2760000 - 0x00007fffd2776000 	C:\Program Files\Android\Android Studio\jbr\bin\zip.dll
0x00007fffe6f80000 - 0x00007fffe781b000 	C:\Windows\SYSTEM32\windows.storage.dll
0x00007fffeb110000 - 0x00007fffeb209000 	C:\Windows\System32\SHCORE.dll
0x00007fffeafb0000 - 0x00007fffeb016000 	C:\Windows\System32\shlwapi.dll
0x00007fffe93d0000 - 0x00007fffe93f9000 	C:\Windows\SYSTEM32\profapi.dll
0x00007fffd2750000 - 0x00007fffd2760000 	C:\Program Files\Android\Android Studio\jbr\bin\net.dll
0x00007fffe8750000 - 0x00007fffe87bc000 	C:\Windows\system32\mswsock.dll
0x00007fffd2730000 - 0x00007fffd2746000 	C:\Program Files\Android\Android Studio\jbr\bin\nio.dll
0x00007fffd2270000 - 0x00007fffd2280000 	C:\Program Files\Android\Android Studio\jbr\bin\verify.dll
0x00007fffd2240000 - 0x00007fffd2267000 	C:\Users\ABDUL\.gradle\native\660c5614fbf4a5f2a75b1949f50a0caf5cd603558e7d8a26e50b933a0cfb79d1\windows-amd64\native-platform.dll
0x00007fff9aad0000 - 0x00007fff9ab47000 	C:\Users\ABDUL\.gradle\native\0.2.8\x86_64-windows-gnu\gradle-fileevents.dll
0x00007fffd22c0000 - 0x00007fffd22c9000 	C:\Program Files\Android\Android Studio\jbr\bin\management.dll
0x00007fffd22b0000 - 0x00007fffd22bb000 	C:\Program Files\Android\Android Studio\jbr\bin\management_ext.dll
0x00007fffeb930000 - 0x00007fffeb938000 	C:\Windows\System32\PSAPI.DLL
0x00007fffe7b50000 - 0x00007fffe7b83000 	C:\Windows\SYSTEM32\IPHLPAPI.DLL
0x00007fffeb020000 - 0x00007fffeb02a000 	C:\Windows\System32\NSI.dll
0x00007fffd2320000 - 0x00007fffd2329000 	C:\Program Files\Android\Android Studio\jbr\bin\extnet.dll
0x00007fffe8a60000 - 0x00007fffe8a7b000 	C:\Windows\SYSTEM32\CRYPTSP.dll
0x00007fffe8100000 - 0x00007fffe8139000 	C:\Windows\system32\rsaenh.dll
0x00007fffe8800000 - 0x00007fffe8832000 	C:\Windows\SYSTEM32\USERENV.dll
0x00007fffe93a0000 - 0x00007fffe93ca000 	C:\Windows\SYSTEM32\bcrypt.dll
0x00007fffe8a40000 - 0x00007fffe8a4c000 	C:\Windows\SYSTEM32\CRYPTBASE.dll
0x00007fff1efb0000 - 0x00007fff1efb8000 	C:\Windows\system32\wshunix.dll

JVMTI agents:
C:\Users\ABDUL\.gradle\wrapper\dists\gradle-9.6.0-bin\42k10rwplmzkhuboz9kdazi7s\gradle-9.6.0\lib\agents\gradle-instrumentation-agent-9.6.0.jar path:C:\Program Files\Android\Android Studio\jbr\bin\instrument.dll, loaded, initialized, instrumentlib options:none

dbghelp: loaded successfully - version: 4.0.5 - missing functions: none
symbol engine: initialized successfully - sym options: 0x614 - pdb path: .;C:\Program Files\Android\Android Studio\jbr\bin;C:\Windows\SYSTEM32;C:\Windows\WinSxS\amd64_microsoft.windows.common-controls_6595b64144ccf1df_6.0.26100.8972_none_3e0da176e32f9d4b;C:\Program Files\Android\Android Studio\jbr\bin\server;C:\Users\ABDUL\.gradle\native\660c5614fbf4a5f2a75b1949f50a0caf5cd603558e7d8a26e50b933a0cfb79d1\windows-amd64;C:\Users\ABDUL\.gradle\native\0.2.8\x86_64-windows-gnu

VM Arguments:
jvm_args: --add-opens=java.base/java.lang=ALL-UNNAMED --add-opens=java.base/java.lang.invoke=ALL-UNNAMED --add-opens=java.base/java.util=ALL-UNNAMED --add-opens=java.prefs/java.util.prefs=ALL-UNNAMED --add-exports=jdk.compiler/com.sun.tools.javac.api=ALL-UNNAMED --add-exports=jdk.compiler/com.sun.tools.javac.util=ALL-UNNAMED --add-opens=java.base/java.nio.charset=ALL-UNNAMED --add-opens=java.base/java.net=ALL-UNNAMED --add-opens=java.base/java.util.concurrent=ALL-UNNAMED --add-opens=java.base/java.util.concurrent.atomic=ALL-UNNAMED --add-opens=java.xml/javax.xml.namespace=ALL-UNNAMED --add-opens=java.base/java.time=ALL-UNNAMED --enable-native-access=ALL-UNNAMED -Xmx2048m -Dfile.encoding=UTF-8 -Duser.country=BO -Duser.language=es -Duser.variant -javaagent:C:\Users\ABDUL\.gradle\wrapper\dists\gradle-9.6.0-bin\42k10rwplmzkhuboz9kdazi7s\gradle-9.6.0\lib\agents\gradle-instrumentation-agent-9.6.0.jar 
java_command: org.gradle.launcher.daemon.bootstrap.GradleDaemon 9.6.0
java_class_path (initial): C:\Users\ABDUL\.gradle\wrapper\dists\gradle-9.6.0-bin\42k10rwplmzkhuboz9kdazi7s\gradle-9.6.0\lib\gradle-daemon-main-9.6.0.jar
Launcher Type: SUN_STANDARD

[Global flags]
     intx CICompilerCount                          = 12                                        {product} {ergonomic}
     uint ConcGCThreads                            = 3                                         {product} {ergonomic}
     uint G1ConcRefinementThreads                  = 13                                        {product} {ergonomic}
   size_t G1HeapRegionSize                         = 1048576                                   {product} {ergonomic}
   size_t InitialHeapSize                          = 264241152                                 {product} {ergonomic}
   size_t MarkStackSize                            = 4194304                                   {product} {ergonomic}
   size_t MarkStackSizeMax                         = 536870912                                 {product} {ergonomic}
   size_t MaxHeapSize                              = 2147483648                                {product} {command line}
   size_t MaxNewSize                               = 1287651328                                {product} {ergonomic}
   size_t MinHeapDeltaBytes                        = 1048576                                   {product} {ergonomic}
   size_t MinHeapSize                              = 8388608                                   {product} {ergonomic}
    uintx NonNMethodCodeHeapSize                   = 7667712                                {pd product} {ergonomic}
    uintx NonProfiledCodeHeapSize                  = 122028032                              {pd product} {ergonomic}
    uintx ProfiledCodeHeapSize                     = 122028032                              {pd product} {ergonomic}
    uintx ReservedCodeCacheSize                    = 251723776                              {pd product} {ergonomic}
     bool SegmentedCodeCache                       = true                                      {product} {ergonomic}
   size_t SoftMaxHeapSize                          = 2147483648                             {manageable} {ergonomic}
     bool UseCompressedOops                        = true                           {product lp64_product} {ergonomic}
     bool UseG1GC                                  = true                                      {product} {ergonomic}
     bool UseLargePagesIndividualAllocation        = false                                  {pd product} {ergonomic}

Logging:
Log output configuration:
 #0: stdout all=warning uptime,level,tags foldmultilines=false
 #1: stderr all=off uptime,level,tags foldmultilines=false

Release file:
JAVA_VERSION="25.0.3" 
MODULES="java.base java.compiler java.datatransfer java.xml java.prefs java.desktop java.instrument java.logging java.management java.security.sasl java.naming java.rmi java.management.rmi java.net.http java.scripting java.security.jgss java.transaction.xa java.sql java.sql.rowset java.xml.crypto java.se java.smartcardio jdk.accessibility jdk.internal.jvmstat jdk.attach jdk.charsets jdk.internal.opt jdk.zipfs jdk.compiler jdk.crypto.cryptoki jdk.crypto.ec jdk.dynalink jdk.hotspot.agent jdk.httpserver jdk.internal.ed jdk.internal.le jdk.internal.md jdk.internal.vm.ci jdk.jartool jdk.javadoc jdk.jcmd jdk.jdeps jdk.jdwp.agent jdk.jdi jdk.jfr jdk.jlink jdk.localedata jdk.management jdk.management.agent jdk.management.jfr jdk.naming.dns jdk.naming.rmi jdk.net jdk.sctp jdk.security.auth jdk.security.jgss jdk.unsupported jdk.unsupported.desktop jdk.xml.dom" 
IMPLEMENTOR="JetBrains s.r.o." 
JAVA_RUNTIME_VERSION="25.0.3+-15898627-b508.16" 
LIBC="default" 
OS_ARCH="x86_64" 
OS_NAME="Windows" 
SOURCE=".:git:a8b1dba3234f" 

Environment Variables:
PATH=C:\Program Files (x86)\Razer Chroma SDK\bin;C:\Program Files\Razer Chroma SDK\bin;C:\ProgramData\Oracle\Java\javapath;C:\Windows\system32;C:\Windows;C:\Windows\System32\Wbem;C:\Windows\System32\WindowsPowerShell\v1.0\;C:\Windows\System32\OpenSSH\;C:\Program Files (x86)\NVIDIA Corporation\PhysX\Common;C:\WINDOWS\system32;C:\WINDOWS;C:\WINDOWS\System32\Wbem;C:\WINDOWS\System32\WindowsPowerShell\v1.0\;C:\WINDOWS\System32\OpenSSH\;C:\WINDOWS\system32\config\systemprofile\AppData\Local\Microsoft\WindowsApps;C:\Program Files (x86)\Razer\ChromaBroadcast\bin;C:\Program Files\Razer\ChromaBroadcast\bin;C:\Users\ABDUL\AppData\Local\Microsoft\WindowsApps;C:\Program Files\NVIDIA Corporation\NVIDIA app\NvDLISR;C:\Windows\system32;C:\Windows;C:\Windows\System32\Wbem;C:\Windows\System32\WindowsPowerShell\v1.0\;C:\Windows\System32\OpenSSH\;C:\Program Files\Wolfram Research\WolframScript\;C:\msys64\ucrt64\bin;C:\Program Files\Git\cmd;C:\Users\ABDUL\AppData\Local\Microsoft\WindowsApps;C:\Users\ABDUL\AppData\Local\Programs\Microsoft VS Code\bin;C:\Users\ABDUL\AppData\Local\Coursier\data\bin;C:\Users\ABDUL\AppData\Local\spicetify
USERNAME=ABDUL
OS=Windows_NT
PROCESSOR_IDENTIFIER=Intel64 Family 6 Model 141 Stepping 1, GenuineIntel
TMP=C:\Users\ABDUL\AppData\Local\Temp
TEMP=C:\Users\ABDUL\AppData\Local\Temp




Compilation memory statistics disabled.

Periodic native trim disabled

JNI global refs:
JNI global refs: 36, weak refs: 0

JNI global refs memory usage: 835, weak refs: 833

Process memory usage:
Resident Set Size: 510256K (3% of 16471556K total physical memory with 1930692K free physical memory)

OOME stack traces (most recent first):
Classloader memory used:
Loader org.gradle.internal.classloader.VisitableURLClassLoader                         : 33000 K
Loader bootstrap                                                                       : 24001 K
Loader org.gradle.internal.classloader.VisitableURLClassLoader$InstrumentingVisitableURLClassLoader: 9834 K
Loader org.gradle.initialization.MixInLegacyTypesClassLoader                           : 9340 K
Loader jdk.internal.loader.ClassLoaders$AppClassLoader                                 : 188 K
Loader jdk.internal.loader.ClassLoaders$PlatformClassLoader                            : 157 K

Classes loaded by more than one classloader:
Class com.google.common.base.PairwiseEquivalence                                      : loaded 2 times (x 85B)
Class com.google.common.base.Equivalence$Identity                                     : loaded 2 times (x 84B)
Class org.gradle.internal.classloader.FilteringClassLoader                            : loaded 2 times (x 106B)
Class org.gradle.internal.classloader.ClassLoaderHierarchy                            : loaded 2 times (x 72B)
Class com.google.common.util.concurrent.ExecutionError                                : loaded 2 times (x 84B)
Class com.google.common.collect.AbstractMapBasedMultimap$WrappedCollection            : loaded 2 times (x 126B)
Class com.google.common.collect.RegularImmutableMap                                   : loaded 2 times (x 122B)
Class com.google.common.collect.ImmutableMap$MapViewOfValuesAsSingletonSets           : loaded 2 times (x 128B)
Class com.google.common.collect.UnmodifiableListIterator                              : loaded 2 times (x 97B)
Class [Lcom.google.common.cache.CacheBuilder$OneWeigher;                              : loaded 2 times (x 71B)
Class com.google.common.base.Suppliers                                                : loaded 2 times (x 73B)
Class org.gradle.internal.classloader.DefaultClassLoaderFactory                       : loaded 2 times (x 84B)
Class com.google.common.collect.ImmutableEnumMap                                      : loaded 2 times (x 128B)
Class com.google.common.collect.ListMultimap                                          : loaded 2 times (x 72B)
Class org.gradle.api.internal.DefaultClassPathProvider                                : loaded 2 times (x 78B)
Class [Lorg.gradle.api.internal.ClassPathProvider;                                    : loaded 2 times (x 71B)
Class org.gradle.api.internal.ClassPathProvider                                       : loaded 2 times (x 72B)
Class com.google.common.cache.LocalCache$LocalLoadingCache                            : loaded 2 times (x 136B)
Class org.gradle.internal.service.UnknownServiceException                             : loaded 2 times (x 85B)
Class com.google.common.cache.LocalCache$Strength$1                                   : loaded 2 times (x 83B)
Class com.google.common.util.concurrent.SettableFuture                                : loaded 2 times (x 116B)
Class com.google.common.cache.LocalCache$Strength$2                                   : loaded 2 times (x 83B)
Class com.google.common.cache.LocalCache$Strength$3                                   : loaded 2 times (x 83B)
Class com.google.common.collect.MapDifference                                         : loaded 2 times (x 72B)
Class com.google.common.cache.CacheBuilder$NullListener                               : loaded 2 times (x 84B)
Class org.gradle.internal.classpath.TransformedClassPath                              : loaded 2 times (x 98B)
Class org.gradle.internal.classloader.InstrumentingClassLoader                        : loaded 2 times (x 72B)
Class com.google.common.cache.CacheLoader$FunctionToCacheLoader                       : loaded 2 times (x 77B)
Class com.google.common.collect.Iterators$ArrayItr                                    : loaded 2 times (x 99B)
Class com.google.common.collect.ImmutableCollection$Builder                           : loaded 2 times (x 78B)
Class com.google.common.base.Joiner                                                   : loaded 2 times (x 82B)
Class com.google.common.base.MoreObjects                                              : loaded 2 times (x 73B)
Class com.google.common.collect.UnmodifiableIterator                                  : loaded 2 times (x 82B)
Class org.gradle.internal.service.ServiceLocator                                      : loaded 2 times (x 72B)
Class com.google.common.cache.LocalCache$1                                            : loaded 2 times (x 91B)
Class com.google.common.collect.Iterators$SingletonIterator                           : loaded 2 times (x 83B)
Class com.google.common.collect.AbstractMapEntry                                      : loaded 2 times (x 83B)
Class com.google.common.collect.ImmutableList$Builder                                 : loaded 2 times (x 79B)
Class com.google.common.cache.LocalCache$2                                            : loaded 2 times (x 144B)
Class com.google.common.collect.AbstractMultimap                                      : loaded 2 times (x 125B)
Class com.google.common.collect.RegularImmutableAsList                                : loaded 2 times (x 219B)
Class com.google.common.util.concurrent.AbstractFuture$Trusted                        : loaded 2 times (x 72B)
Class com.google.common.collect.Iterators                                             : loaded 2 times (x 73B)
Class com.google.common.util.concurrent.UncheckedExecutionException                   : loaded 2 times (x 84B)
Class com.google.common.cache.CacheLoader$UnsupportedLoadingOperationException        : loaded 2 times (x 84B)
Class com.google.common.collect.ImmutableMap$1                                        : loaded 2 times (x 83B)
Class com.google.common.collect.BiMap                                                 : loaded 2 times (x 72B)
Class org.gradle.api.internal.classpath.DefaultModuleRegistry$DefaultModule           : loaded 2 times (x 84B)
Class com.google.common.collect.AbstractIterator                                      : loaded 2 times (x 84B)
Class com.google.common.collect.ObjectArrays                                          : loaded 2 times (x 73B)
Class com.google.common.collect.AbstractIndexedListIterator                           : loaded 2 times (x 98B)
Class com.google.common.collect.ArrayListMultimapGwtSerializationDependencies         : loaded 2 times (x 173B)
Class com.google.common.collect.Multiset                                              : loaded 2 times (x 72B)
Class org.gradle.api.internal.classpath.Module                                        : loaded 2 times (x 72B)
Class com.google.common.cache.Weigher                                                 : loaded 2 times (x 72B)
Class org.gradle.api.internal.classpath.UnknownModuleException                        : loaded 2 times (x 84B)
Class com.google.common.base.Stopwatch                                                : loaded 2 times (x 74B)
Class com.google.common.cache.LocalCache$Strength                                     : loaded 2 times (x 83B)
Class com.google.common.cache.Cache                                                   : loaded 2 times (x 72B)
Class com.google.common.collect.ImmutableMap$Builder                                  : loaded 2 times (x 84B)
Class com.google.common.util.concurrent.AbstractFuture$Cancellation                   : loaded 2 times (x 74B)
Class com.google.common.cache.RemovalListener                                         : loaded 2 times (x 72B)
Class org.gradle.api.internal.DefaultClassPathRegistry                                : loaded 2 times (x 78B)
Class com.google.common.collect.Multimap                                              : loaded 2 times (x 72B)
Class org.gradle.internal.classpath.DefaultClassPath$ImmutableUniqueList              : loaded 2 times (x 201B)
Class org.gradle.api.internal.ClassPathRegistry                                       : loaded 2 times (x 72B)
Class com.google.common.cache.CacheBuilder                                            : loaded 2 times (x 74B)
Class org.gradle.internal.classpath.ClassPath                                         : loaded 2 times (x 72B)
Class org.gradle.api.internal.classpath.DefaultModuleRegistry$DefaultModuleAlias      : loaded 2 times (x 82B)
Class com.google.common.base.Suppliers$SupplierOfInstance                             : loaded 2 times (x 81B)
Class com.google.common.collect.Iterators$1                                           : loaded 2 times (x 83B)
Class com.google.common.cache.LocalCache$ComputingValueReference                      : loaded 2 times (x 98B)
Class com.google.common.collect.ImmutableMap$IteratorBasedImmutableMap                : loaded 2 times (x 128B)
Class com.google.common.collect.SingletonImmutableSet                                 : loaded 2 times (x 148B)
Class com.google.common.cache.LocalCache$Segment                                      : loaded 2 times (x 155B)
Class com.google.common.collect.ImmutableBiMap                                        : loaded 2 times (x 145B)
Class com.google.common.collect.Iterators$4                                           : loaded 2 times (x 84B)
Class com.google.common.cache.CacheLoader                                             : loaded 2 times (x 76B)
Class com.google.common.collect.AbstractListMultimap                                  : loaded 2 times (x 173B)
Class org.gradle.api.internal.classpath.ModuleRegistry                                : loaded 2 times (x 72B)
Class org.gradle.internal.installation.GradleInstallation$1                           : loaded 2 times (x 77B)
Class com.google.common.util.concurrent.internal.InternalFutureFailureAccess          : loaded 2 times (x 74B)
Class com.google.common.collect.Iterators$5                                           : loaded 2 times (x 84B)
Class com.google.common.cache.LocalCache$LocalManualCache$1                           : loaded 2 times (x 77B)
Class com.google.common.collect.ImmutableCollection                                   : loaded 2 times (x 127B)
Class org.gradle.api.internal.classpath.DefaultModuleRegistry                         : loaded 2 times (x 86B)
Class com.google.common.util.concurrent.ListenableFuture                              : loaded 2 times (x 72B)
Class com.google.common.cache.ReferenceEntry                                          : loaded 2 times (x 72B)
Class com.google.common.base.Converter                                                : loaded 2 times (x 92B)
Class com.google.common.collect.ImmutableSet$CachingAsList                            : loaded 2 times (x 150B)
Class com.google.common.util.concurrent.AbstractFuture                                : loaded 2 times (x 108B)
Class com.google.common.base.FunctionalEquivalence                                    : loaded 2 times (x 85B)
Class com.google.common.collect.Iterators$9                                           : loaded 2 times (x 83B)
Class com.google.common.collect.AbstractMapBasedMultimap                              : loaded 2 times (x 140B)
Class com.google.common.collect.ImmutableAsList                                       : loaded 2 times (x 211B)
Class com.google.common.cache.CacheLoader$SupplierToCacheLoader                       : loaded 2 times (x 77B)
Class org.gradle.internal.service.ServiceLookupException                              : loaded 2 times (x 84B)
Class [Lcom.google.common.cache.LocalCache$EntryFactory;                              : loaded 2 times (x 71B)
Class org.gradle.internal.classloader.ClassLoaderFactory                              : loaded 2 times (x 72B)
Class com.google.common.cache.LocalCache$LocalManualCache                             : loaded 2 times (x 101B)
Class org.gradle.internal.service.CachingServiceLocator                               : loaded 2 times (x 84B)
Class com.google.common.collect.ImmutableMapEntry                                     : loaded 2 times (x 87B)
Class com.google.common.collect.ImmutableMapEntry$NonTerminalImmutableMapEntry        : loaded 2 times (x 87B)
Class com.google.common.base.Equivalence                                              : loaded 2 times (x 84B)
Class com.google.common.base.Function                                                 : loaded 2 times (x 72B)
Class com.google.common.cache.CacheBuilder$OneWeigher                                 : loaded 2 times (x 84B)
Class org.gradle.internal.classloader.ClasspathUtil                                   : loaded 2 times (x 73B)
Class com.google.common.util.concurrent.Uninterruptibles                              : loaded 2 times (x 73B)
Class com.google.common.util.concurrent.LazyLogger                                    : loaded 2 times (x 74B)
Class com.google.common.collect.Maps                                                  : loaded 2 times (x 73B)
Class org.gradle.api.specs.Spec                                                       : loaded 2 times (x 72B)
Class com.google.common.cache.LocalCache$LoadingValueReference                        : loaded 2 times (x 98B)
Class com.google.common.collect.Maps$8                                                : loaded 2 times (x 84B)
Class com.google.common.cache.LocalCache$StrongValueReference                         : loaded 2 times (x 92B)
Class org.gradle.internal.classloader.VisitableURLClassLoader$InstrumentingVisitableURLClassLoader: loaded 2 times (x 124B)
Class [Lcom.google.common.cache.CacheBuilder$NullListener;                            : loaded 2 times (x 71B)
Class org.gradle.internal.classloader.VisitableURLClassLoader$Spec                    : loaded 2 times (x 76B)
Class org.gradle.internal.classpath.DefaultClassPath                                  : loaded 2 times (x 92B)
Class com.google.common.collect.ImmutableSet                                          : loaded 2 times (x 147B)
Class org.gradle.internal.classloader.ClassLoaderSpec                                 : loaded 2 times (x 73B)
Class com.google.common.cache.CacheStats                                              : loaded 2 times (x 73B)
Class com.google.common.util.concurrent.AbstractFuture$Listener                       : loaded 2 times (x 74B)
Class org.gradle.api.internal.classpath.Module$ModuleAlias                            : loaded 2 times (x 72B)
Class com.google.common.base.Supplier                                                 : loaded 2 times (x 72B)
Class org.gradle.internal.classloader.VisitableURLClassLoader                         : loaded 2 times (x 118B)
Class org.gradle.internal.Cast                                                        : loaded 2 times (x 73B)
Class org.gradle.api.Action                                                           : loaded 2 times (x 72B)
Class com.google.common.base.Ticker                                                   : loaded 2 times (x 74B)
Class [Lcom.google.common.cache.LocalCache$Segment;                                   : loaded 2 times (x 71B)
Class com.google.common.base.Predicate                                                : loaded 2 times (x 72B)
Class [Lcom.google.common.cache.LocalCache$Strength;                                  : loaded 2 times (x 71B)
Class com.google.common.cache.CacheBuilder$1                                          : loaded 2 times (x 87B)
Class com.google.common.collect.ImmutableMap                                          : loaded 2 times (x 122B)
Class org.gradle.internal.classpath.DefaultClassPath$ImmutableUniqueList$Builder      : loaded 2 times (x 77B)
Class com.google.common.cache.LocalCache                                              : loaded 2 times (x 188B)
Class com.google.common.cache.CacheBuilder$2                                          : loaded 2 times (x 81B)
Class com.google.common.collect.ImmutableEntry                                        : loaded 2 times (x 84B)
Class com.google.common.cache.CacheBuilder$3                                          : loaded 2 times (x 74B)
Class com.google.common.collect.ArrayListMultimap                                     : loaded 2 times (x 173B)
Class org.gradle.api.GradleException                                                  : loaded 2 times (x 84B)
Class com.google.common.collect.CollectPreconditions                                  : loaded 2 times (x 73B)
Class com.google.common.collect.SortedMapDifference                                   : loaded 2 times (x 72B)
Class com.google.common.cache.LocalCache$EntryFactory                                 : loaded 2 times (x 85B)
Class com.google.common.cache.LocalCache$AbstractReferenceEntry                       : loaded 2 times (x 109B)
Class org.gradle.internal.IoActions                                                   : loaded 2 times (x 73B)
Class com.google.common.cache.CacheLoader$InvalidCacheLoadException                   : loaded 2 times (x 84B)
Class com.google.common.collect.ImmutableSet$RegularSetBuilderImpl                    : loaded 2 times (x 78B)
Class com.google.common.cache.LocalCache$StrongEntry                                  : loaded 2 times (x 110B)
Class com.google.common.util.concurrent.AbstractFuture$TrustedFuture                  : loaded 2 times (x 116B)
Class com.google.common.cache.LoadingCache                                            : loaded 2 times (x 72B)
Class [Lcom.google.common.cache.Weigher;                                              : loaded 2 times (x 71B)
Class com.google.common.cache.LocalCache$ValueReference                               : loaded 2 times (x 72B)
Class com.google.common.util.concurrent.AbstractFuture$Failure                        : loaded 2 times (x 74B)
Class com.google.common.base.Equivalence$Equals                                       : loaded 2 times (x 84B)
Class com.google.common.base.Preconditions                                            : loaded 2 times (x 73B)
Class com.google.common.base.Joiner$1                                                 : loaded 2 times (x 83B)
Class com.google.common.collect.PeekingIterator                                       : loaded 2 times (x 72B)
Class com.google.common.base.Joiner$2                                                 : loaded 2 times (x 82B)
Class com.google.common.cache.LocalCache$EntryFactory$1                               : loaded 2 times (x 85B)
Class [Lcom.google.common.cache.RemovalListener;                                      : loaded 2 times (x 71B)
Class com.google.common.cache.LocalCache$EntryFactory$2                               : loaded 2 times (x 85B)
Class com.google.common.cache.LocalCache$EntryFactory$3                               : loaded 2 times (x 85B)
Class com.google.common.base.Ticker$1                                                 : loaded 2 times (x 74B)
Class com.google.common.collect.Maps$BiMapConverter                                   : loaded 2 times (x 92B)
Class com.google.common.cache.LocalCache$EntryFactory$4                               : loaded 2 times (x 85B)
Class com.google.common.collect.ImmutableSet$Builder                                  : loaded 2 times (x 87B)
Class com.google.common.cache.LocalCache$EntryFactory$5                               : loaded 2 times (x 85B)
Class com.google.common.cache.LocalCache$EntryFactory$6                               : loaded 2 times (x 85B)
Class org.gradle.internal.installation.CurrentGradleInstallationLocator               : loaded 2 times (x 73B)
Class com.google.common.cache.LocalCache$EntryFactory$7                               : loaded 2 times (x 85B)
Class com.google.common.collect.ImmutableList                                         : loaded 2 times (x 208B)
Class org.gradle.internal.service.DefaultServiceLocator                               : loaded 2 times (x 85B)
Class com.google.common.cache.LocalCache$EntryFactory$8                               : loaded 2 times (x 85B)
Class com.google.common.collect.ImmutableSet$SetBuilderImpl                           : loaded 2 times (x 78B)
Class org.gradle.internal.installation.CurrentGradleInstallation                      : loaded 2 times (x 75B)
Class com.google.common.cache.CacheLoader$1                                           : loaded 2 times (x 77B)
Class org.gradle.util.internal.GUtil                                                  : loaded 2 times (x 73B)
Class com.google.common.cache.AbstractCache$StatsCounter                              : loaded 2 times (x 72B)
Class com.google.common.collect.Iterators$MergingIterator                             : loaded 2 times (x 83B)
Class com.google.common.collect.RegularImmutableSet                                   : loaded 2 times (x 150B)
Class org.gradle.internal.installation.GradleInstallation                             : loaded 2 times (x 77B)

---------------  S Y S T E M  ---------------

OS:
 Windows 11 , 64 bit Build 26100 (10.0.26100.9168)
OS uptime: 0 days 9:51 hours
Hyper-V role detected

CPU: total 16 (initial active 16) (8 cores per cpu, 2 threads per core) family 6 model 141 stepping 1 microcode 0x26, cx8, cmov, fxsr, ht, mmx, 3dnowpref, sse, sse2, sse3, ssse3, sse4.1, sse4.2, popcnt, lzcnt, tsc, tscinvbit, avx, avx2, aes, erms, clmul, bmi1, bmi2, adx, avx512f, avx512dq, avx512cd, avx512bw, avx512vl, sha, fma, vzeroupper, avx512_vpopcntdq, avx512_vpclmulqdq, avx512_vaes, avx512_vnni, clflush, clflushopt, clwb, avx512_vbmi2, avx512_vbmi, hv, rdtscp, rdpid, fsrm, gfni, avx512_bitalg, f16c, cet_ibt, cet_ss, avx512_ifma
Processor Information for the first 16 processors :
  Max Mhz: 2304, Current Mhz: 2304, Mhz Limit: 2304

Memory: 4k page, system-wide physical 16085M (1900M free)
TotalPageFile size 16085M (AvailPageFile size 47M)
current process WorkingSet (physical memory assigned to process): 477M, peak: 498M
current process commit charge ("private bytes"): 540M, peak: 569M

vm_info: OpenJDK 64-Bit Server VM (25.0.3+-15898627-b508.16) for windows-amd64 JRE (25.0.3+-15898627-b508.16), built on 2026-07-20T17:54:23Z with MS VC++ 16.10 / 16.11 (VS2019)

END.
